date,center_name,attendance_count
2019-12-31,West Penn Community Center,30
2019-12-31,Warrington Community Center,23
2019-12-31,Ammon Community Center,18
2019-12-31,Brookline Community Center,23
2019-12-31,Jefferson Community Center,19
2019-12-31,Magee Community Center,27
2019-12-31,Ormsby Community Center,5
2019-12-31,Phillips Community Center,33
2019-12-30,Warrington Community Center,52
2019-12-30,West Penn Community Center,32
2019-12-30,Ammon Community Center,38
2019-12-30,Jefferson Community Center,15
2019-12-30,Brookline Community Center,50
2019-12-30,Ormsby Community Center,19
2019-12-30,Magee Community Center,30
2019-12-30,Phillips Community Center,44
2019-12-28,West Penn Community Center,81
2019-12-28,Brookline Community Center,21
2019-12-28,Magee Community Center,11
2019-12-28,Phillips Community Center,6
2019-12-27,West Penn Community Center,23
2019-12-27,Warrington Community Center,39
2019-12-27,Ammon Community Center,2
2019-12-27,Brookline Community Center,29
2019-12-27,Jefferson Community Center,13
2019-12-27,Magee Community Center,9
2019-12-27,Ormsby Community Center,9
2019-12-27,Phillips Community Center,22
2019-12-26,Warrington Community Center,22
2019-12-26,West Penn Community Center,29
2019-12-26,Ammon Community Center,6
2019-12-26,Brookline Community Center,20
2019-12-26,Ormsby Community Center,10
2019-12-26,Magee Community Center,13
2019-12-26,Phillips Community Center,38
2019-12-24,West Penn Community Center,28
2019-12-24,Warrington Community Center,16
2019-12-24,Ammon Community Center,7
2019-12-24,Brookline Community Center,30
2019-12-24,Magee Community Center,14
2019-12-24,Ormsby Community Center,9
2019-12-24,Phillips Community Center,7
2019-12-23,Warrington Community Center,43
2019-12-23,West Penn Community Center,43
2019-12-23,Ammon Community Center,6
2019-12-23,Brookline Community Center,54
2019-12-23,Jefferson Community Center,11
2019-12-23,Ormsby Community Center,14
2019-12-23,Magee Community Center,34
2019-12-23,Phillips Community Center,13
2019-12-23,Paulson Community Center,1
2019-12-21,West Penn Community Center,105
2019-12-21,Warrington Community Center,13
2019-12-21,Brookline Community Center,16
2019-12-21,Magee Community Center,12
2019-12-21,Phillips Community Center,4
2019-12-20,Warrington Community Center,23
2019-12-20,West Penn Community Center,19
2019-12-20,Ammon Community Center,38
2019-12-20,Brookline Community Center,35
2019-12-20,Jefferson Community Center,18
2019-12-20,Magee Community Center,31
2019-12-20,Ormsby Community Center,8
2019-12-20,Phillips Community Center,85
2019-12-19,West Penn Community Center,65
2019-12-19,Warrington Community Center,54
2019-12-19,Ammon Community Center,12
2019-12-19,Brookline Community Center,65
2019-12-19,Ormsby Community Center,14
2019-12-19,Magee Community Center,49
2019-12-19,Phillips Community Center,60
2019-12-19,Paulson Community Center,13
2019-12-18,Warrington Community Center,56
2019-12-18,West Penn Community Center,39
2019-12-18,Ammon Community Center,55
2019-12-18,Brookline Community Center,51
2019-12-18,Jefferson Community Center,14
2019-12-18,Magee Community Center,31
2019-12-18,Ormsby Community Center,32
2019-12-18,Paulson Community Center,2
2019-12-18,Phillips Community Center,61
2019-12-17,West Penn Community Center,59
2019-12-17,Warrington Community Center,55
2019-12-17,Ammon Community Center,16
2019-12-17,Jefferson Community Center,24
2019-12-17,Brookline Community Center,59
2019-12-17,Ormsby Community Center,10
2019-12-17,Magee Community Center,47
2019-12-17,Phillips Community Center,65
2019-12-16,Warrington Community Center,63
2019-12-16,West Penn Community Center,66
2019-12-16,Ammon Community Center,107
2019-12-16,Brookline Community Center,30
2019-12-16,Magee Community Center,44
2019-12-16,Ormsby Community Center,14
2019-12-16,Phillips Community Center,87
2019-12-16,Paulson Community Center,27
2019-12-14,West Penn Community Center,42
2019-12-14,Warrington Community Center,6
2019-12-14,Brookline Community Center,9
2019-12-14,Magee Community Center,16
2019-12-14,Phillips Community Center,3
2019-12-13,Warrington Community Center,54
2019-12-13,West Penn Community Center,47
2019-12-13,Ammon Community Center,42
2019-12-13,Brookline Community Center,42
2019-12-13,Magee Community Center,43
2019-12-13,Ormsby Community Center,19
2019-12-13,Phillips Community Center,38
2019-12-13,Paulson Community Center,27
2019-12-12,West Penn Community Center,61
2019-12-12,Warrington Community Center,47
2019-12-12,Ammon Community Center,76
2019-12-12,Brookline Community Center,54
2019-12-12,Ormsby Community Center,44
2019-12-12,Magee Community Center,35
2019-12-12,Paulson Community Center,20
2019-12-12,Phillips Community Center,47
2019-12-11,Warrington Community Center,56
2019-12-11,West Penn Community Center,62
2019-12-11,Ammon Community Center,96
2019-12-11,Brookline Community Center,69
2019-12-11,Magee Community Center,24
2019-12-11,Ormsby Community Center,9
2019-12-11,Phillips Community Center,66
2019-12-11,Paulson Community Center,22
2019-12-10,West Penn Community Center,64
2019-12-10,Warrington Community Center,44
2019-12-10,Ammon Community Center,14
2019-12-10,Brookline Community Center,44
2019-12-10,Ormsby Community Center,33
2019-12-10,Magee Community Center,32
2019-12-10,Paulson Community Center,27
2019-12-10,Phillips Community Center,61
2019-12-09,Warrington Community Center,53
2019-12-09,West Penn Community Center,51
2019-12-09,Ammon Community Center,77
2019-12-09,Brookline Community Center,52
2019-12-09,Magee Community Center,38
2019-12-09,Ormsby Community Center,29
2019-12-09,Phillips Community Center,58
2019-12-09,Paulson Community Center,21
2019-12-07,West Penn Community Center,65
2019-12-07,Warrington Community Center,24
2019-12-07,Brookline Community Center,12
2019-12-07,Magee Community Center,5
2019-12-07,Phillips Community Center,28
2019-12-06,Warrington Community Center,67
2019-12-06,West Penn Community Center,44
2019-12-06,Ammon Community Center,37
2019-12-06,Brookline Community Center,47
2019-12-06,Magee Community Center,26
2019-12-06,Ormsby Community Center,7
2019-12-06,Phillips Community Center,157
2019-12-06,Paulson Community Center,26
2019-12-05,West Penn Community Center,49
2019-12-05,Warrington Community Center,47
2019-12-05,Ammon Community Center,72
2019-12-05,Brookline Community Center,40
2019-12-05,Jefferson Community Center,23
2019-12-05,Ormsby Community Center,18
2019-12-05,Magee Community Center,33
2019-12-05,Paulson Community Center,26
2019-12-05,Phillips Community Center,35
2019-12-04,Warrington Community Center,56
2019-12-04,West Penn Community Center,54
2019-12-04,Ammon Community Center,47
2019-12-04,Jefferson Community Center,18
2019-12-04,Brookline Community Center,61
2019-12-04,Magee Community Center,28
2019-12-04,Ormsby Community Center,10
2019-12-04,Phillips Community Center,60
2019-12-04,Paulson Community Center,15
2019-12-03,West Penn Community Center,65
2019-12-03,Warrington Community Center,59
2019-12-03,Ammon Community Center,17
2019-12-03,Brookline Community Center,46
2019-12-03,Ormsby Community Center,18
2019-12-03,Magee Community Center,36
2019-12-03,Paulson Community Center,7
2019-12-03,Phillips Community Center,54
2019-12-02,Warrington Community Center,44
2019-12-02,West Penn Community Center,69
2019-12-02,Ammon Community Center,38
2019-12-02,Brookline Community Center,56
2019-12-02,Jefferson Community Center,10
2019-12-02,Magee Community Center,28
2019-12-02,Ormsby Community Center,12
2019-12-02,Phillips Community Center,62
2019-12-02,Paulson Community Center,10
2019-11-27,West Penn Community Center,49
2019-11-27,Warrington Community Center,58
2019-11-27,Ammon Community Center,6
2019-11-27,Brookline Community Center,63
2019-11-27,Ormsby Community Center,37
2019-11-27,Magee Community Center,42
2019-11-27,Paulson Community Center,1
2019-11-27,Phillips Community Center,80
2019-11-26,Warrington Community Center,60
2019-11-26,West Penn Community Center,42
2019-11-26,Ammon Community Center,44
2019-11-26,Brookline Community Center,57
2019-11-26,Magee Community Center,40
2019-11-26,Ormsby Community Center,22
2019-11-26,Phillips Community Center,51
2019-11-26,Paulson Community Center,23
2019-11-25,West Penn Community Center,66
2019-11-25,Warrington Community Center,66
2019-11-25,Ammon Community Center,15
2019-11-25,Brookline Community Center,46
2019-11-25,Jefferson Community Center,11
2019-11-25,Ormsby Community Center,38
2019-11-25,Magee Community Center,53
2019-11-25,Paulson Community Center,15
2019-11-25,Phillips Community Center,58
2019-11-24,Ammon Community Center,1
2019-11-23,Warrington Community Center,11
2019-11-23,West Penn Community Center,46
2019-11-23,Brookline Community Center,18
2019-11-23,Magee Community Center,7
2019-11-23,Phillips Community Center,11
2019-11-22,West Penn Community Center,49
2019-11-22,Warrington Community Center,55
2019-11-22,Ammon Community Center,10
2019-11-22,Brookline Community Center,42
2019-11-22,Magee Community Center,22
2019-11-22,Ormsby Community Center,17
2019-11-22,Phillips Community Center,72
2019-11-22,Paulson Community Center,5
2019-11-21,Warrington Community Center,44
2019-11-21,West Penn Community Center,73
2019-11-21,Ammon Community Center,20
2019-11-21,Brookline Community Center,102
2019-11-21,Jefferson Community Center,14
2019-11-21,Ormsby Community Center,23
2019-11-21,Magee Community Center,36
2019-11-21,Paulson Community Center,3
2019-11-21,Phillips Community Center,45
2019-11-20,West Penn Community Center,46
2019-11-20,Warrington Community Center,60
2019-11-20,Ammon Community Center,47
2019-11-20,Brookline Community Center,61
2019-11-20,Magee Community Center,39
2019-11-20,Ormsby Community Center,13
2019-11-20,Phillips Community Center,68
2019-11-20,Paulson Community Center,1
2019-11-19,Warrington Community Center,56
2019-11-19,West Penn Community Center,50
2019-11-19,Ammon Community Center,22
2019-11-19,Brookline Community Center,84
2019-11-19,Ormsby Community Center,13
2019-11-19,Magee Community Center,64
2019-11-19,Phillips Community Center,54
2019-11-18,West Penn Community Center,74
2019-11-18,Warrington Community Center,69
2019-11-18,Ammon Community Center,20
2019-11-18,Brookline Community Center,54
2019-11-18,Magee Community Center,44
2019-11-18,Ormsby Community Center,8
2019-11-18,Phillips Community Center,61
2019-11-18,Paulson Community Center,7
2019-11-16,Warrington Community Center,10
2019-11-16,West Penn Community Center,102
2019-11-16,Magee Community Center,14
2019-11-16,Phillips Community Center,33
2019-11-15,West Penn Community Center,36
2019-11-15,Warrington Community Center,50
2019-11-15,Ammon Community Center,34
2019-11-15,Brookline Community Center,59
2019-11-15,Jefferson Community Center,1
2019-11-15,Magee Community Center,20
2019-11-15,Ormsby Community Center,3
2019-11-15,Phillips Community Center,44
2019-11-15,Paulson Community Center,2
2019-11-14,Warrington Community Center,50
2019-11-14,West Penn Community Center,46
2019-11-14,Ammon Community Center,35
2019-11-14,Jefferson Community Center,14
2019-11-14,Brookline Community Center,52
2019-11-14,Ormsby Community Center,16
2019-11-14,Magee Community Center,39
2019-11-14,Paulson Community Center,2
2019-11-14,Phillips Community Center,56
2019-11-13,West Penn Community Center,76
2019-11-13,Warrington Community Center,63
2019-11-13,Ammon Community Center,37
2019-11-13,Brookline Community Center,50
2019-11-13,Jefferson Community Center,13
2019-11-13,Magee Community Center,31
2019-11-13,Ormsby Community Center,10
2019-11-13,Phillips Community Center,62
2019-11-13,Paulson Community Center,2
2019-11-12,Warrington Community Center,33
2019-11-12,West Penn Community Center,51
2019-11-12,Ammon Community Center,19
2019-11-12,Jefferson Community Center,13
2019-11-12,Brookline Community Center,53
2019-11-12,Ormsby Community Center,16
2019-11-12,Magee Community Center,42
2019-11-12,Paulson Community Center,2
2019-11-12,Phillips Community Center,67
2019-11-09,Magee Community Center,1
2019-11-08,West Penn Community Center,72
2019-11-08,Warrington Community Center,45
2019-11-08,Ammon Community Center,63
2019-11-08,Brookline Community Center,73
2019-11-08,Jefferson Community Center,19
2019-11-08,Magee Community Center,38
2019-11-08,Ormsby Community Center,11
2019-11-08,Phillips Community Center,83
2019-11-08,Paulson Community Center,11
2019-11-07,Warrington Community Center,75
2019-11-07,West Penn Community Center,59
2019-11-07,Ammon Community Center,34
2019-11-07,Jefferson Community Center,14
2019-11-07,Brookline Community Center,50
2019-11-07,Ormsby Community Center,15
2019-11-07,Magee Community Center,46
2019-11-07,Phillips Community Center,40
2019-11-06,West Penn Community Center,54
2019-11-06,Warrington Community Center,54
2019-11-06,Ammon Community Center,56
2019-11-06,Brookline Community Center,65
2019-11-06,Jefferson Community Center,13
2019-11-06,Magee Community Center,48
2019-11-06,Ormsby Community Center,7
2019-11-06,Phillips Community Center,90
2019-11-06,Paulson Community Center,3
2019-11-05,West Penn Community Center,59
2019-11-05,Ammon Community Center,32
2019-11-05,Jefferson Community Center,13
2019-11-05,Ormsby Community Center,20
2019-11-05,Magee Community Center,60
2019-11-05,Phillips Community Center,107
2019-11-04,West Penn Community Center,59
2019-11-04,Warrington Community Center,76
2019-11-04,Ammon Community Center,41
2019-11-04,Jefferson Community Center,18
2019-11-04,Brookline Community Center,45
2019-11-04,Magee Community Center,39
2019-11-04,Ormsby Community Center,7
2019-11-04,Phillips Community Center,56
2019-11-02,Warrington Community Center,22
2019-11-02,West Penn Community Center,37
2019-11-02,Brookline Community Center,15
2019-11-02,Phillips Community Center,3
2019-11-01,West Penn Community Center,31
2019-11-01,Warrington Community Center,53
2019-11-01,Ammon Community Center,25
2019-11-01,Brookline Community Center,77
2019-11-01,Jefferson Community Center,15
2019-11-01,Ormsby Community Center,7
2019-11-01,Magee Community Center,49
2019-11-01,Phillips Community Center,33
2019-10-31,Warrington Community Center,25
2019-10-31,West Penn Community Center,90
2019-10-31,Ammon Community Center,30
2019-10-31,Jefferson Community Center,18
2019-10-31,Brookline Community Center,50
2019-10-31,Magee Community Center,32
2019-10-31,Ormsby Community Center,11
2019-10-31,Phillips Community Center,12
2019-10-30,West Penn Community Center,84
2019-10-30,Warrington Community Center,57
2019-10-30,Ammon Community Center,34
2019-10-30,Brookline Community Center,61
2019-10-30,Jefferson Community Center,24
2019-10-30,Ormsby Community Center,11
2019-10-30,Magee Community Center,38
2019-10-30,Phillips Community Center,27
2019-10-30,Paulson Community Center,22
2019-10-29,Warrington Community Center,53
2019-10-29,West Penn Community Center,50
2019-10-29,Ammon Community Center,24
2019-10-29,Jefferson Community Center,31
2019-10-29,Brookline Community Center,74
2019-10-29,Magee Community Center,24
2019-10-29,Ormsby Community Center,17
2019-10-29,Paulson Community Center,3
2019-10-29,Phillips Community Center,31
2019-10-28,West Penn Community Center,63
2019-10-28,Warrington Community Center,52
2019-10-28,Ammon Community Center,30
2019-10-28,Brookline Community Center,60
2019-10-28,Jefferson Community Center,25
2019-10-28,Ormsby Community Center,3
2019-10-28,Magee Community Center,45
2019-10-28,Phillips Community Center,30
2019-10-28,Paulson Community Center,25
2019-10-26,Warrington Community Center,15
2019-10-26,West Penn Community Center,26
2019-10-26,Phillips Community Center,128
2019-10-25,West Penn Community Center,52
2019-10-25,Warrington Community Center,43
2019-10-25,Ammon Community Center,42
2019-10-25,Jefferson Community Center,20
2019-10-25,Brookline Community Center,49
2019-10-25,Magee Community Center,12
2019-10-25,Ormsby Community Center,12
2019-10-25,Phillips Community Center,21
2019-10-25,Paulson Community Center,5
2019-10-24,Warrington Community Center,56
2019-10-24,West Penn Community Center,121
2019-10-24,Ammon Community Center,18
2019-10-24,Brookline Community Center,55
2019-10-24,Jefferson Community Center,27
2019-10-24,Ormsby Community Center,22
2019-10-24,Magee Community Center,26
2019-10-24,Paulson Community Center,5
2019-10-24,Phillips Community Center,115
2019-10-23,West Penn Community Center,46
2019-10-23,Warrington Community Center,77
2019-10-23,Ammon Community Center,31
2019-10-23,Jefferson Community Center,19
2019-10-23,Brookline Community Center,80
2019-10-23,Magee Community Center,47
2019-10-23,Ormsby Community Center,5
2019-10-23,Phillips Community Center,41
2019-10-23,Paulson Community Center,29
2019-10-22,Warrington Community Center,58
2019-10-22,West Penn Community Center,97
2019-10-22,Ammon Community Center,40
2019-10-22,Brookline Community Center,73
2019-10-22,Jefferson Community Center,8
2019-10-22,Ormsby Community Center,23
2019-10-22,Magee Community Center,34
2019-10-22,Paulson Community Center,24
2019-10-22,Phillips Community Center,66
2019-10-21,West Penn Community Center,47
2019-10-21,Warrington Community Center,66
2019-10-21,Jefferson Community Center,21
2019-10-21,Brookline Community Center,65
2019-10-21,Magee Community Center,26
2019-10-21,Ormsby Community Center,12
2019-10-21,Phillips Community Center,81
2019-10-21,Paulson Community Center,2
2019-10-19,Warrington Community Center,8
2019-10-19,West Penn Community Center,62
2019-10-19,Ammon Community Center,55
2019-10-19,Brookline Community Center,18
2019-10-19,Phillips Community Center,5
2019-10-18,West Penn Community Center,61
2019-10-18,Warrington Community Center,40
2019-10-18,Ammon Community Center,8
2019-10-18,Brookline Community Center,87
2019-10-18,Jefferson Community Center,20
2019-10-18,Ormsby Community Center,13
2019-10-18,Magee Community Center,16
2019-10-18,Paulson Community Center,7
2019-10-18,Phillips Community Center,142
2019-10-17,Warrington Community Center,51
2019-10-17,West Penn Community Center,142
2019-10-17,Ammon Community Center,17
2019-10-17,Jefferson Community Center,25
2019-10-17,Brookline Community Center,62
2019-10-17,Magee Community Center,34
2019-10-17,Ormsby Community Center,8
2019-10-17,Phillips Community Center,81
2019-10-17,Paulson Community Center,19
2019-10-16,West Penn Community Center,56
2019-10-16,Warrington Community Center,50
2019-10-16,Ammon Community Center,38
2019-10-16,Brookline Community Center,66
2019-10-16,Jefferson Community Center,19
2019-10-16,Ormsby Community Center,16
2019-10-16,Magee Community Center,17
2019-10-16,Phillips Community Center,86
2019-10-15,Warrington Community Center,76
2019-10-15,West Penn Community Center,63
2019-10-15,Ammon Community Center,49
2019-10-15,Jefferson Community Center,26
2019-10-15,Brookline Community Center,56
2019-10-15,Magee Community Center,26
2019-10-15,Ormsby Community Center,12
2019-10-15,Phillips Community Center,67
2019-10-15,Paulson Community Center,4
2019-10-14,West Penn Community Center,44
2019-10-14,Warrington Community Center,72
2019-10-14,Ammon Community Center,49
2019-10-14,Brookline Community Center,55
2019-10-14,Jefferson Community Center,26
2019-10-14,Ormsby Community Center,15
2019-10-14,Magee Community Center,23
2019-10-14,Paulson Community Center,12
2019-10-14,Phillips Community Center,46
2019-10-12,Warrington Community Center,1
2019-10-12,West Penn Community Center,65
2019-10-12,Brookline Community Center,15
2019-10-12,Phillips Community Center,1
2019-10-11,West Penn Community Center,47
2019-10-11,Warrington Community Center,68
2019-10-11,Ammon Community Center,32
2019-10-11,Brookline Community Center,59
2019-10-11,Jefferson Community Center,29
2019-10-11,Magee Community Center,27
2019-10-11,Ormsby Community Center,11
2019-10-11,Phillips Community Center,64
2019-10-11,Paulson Community Center,1
2019-10-10,Warrington Community Center,53
2019-10-10,West Penn Community Center,98
2019-10-10,Ammon Community Center,29
2019-10-10,Jefferson Community Center,26
2019-10-10,Brookline Community Center,53
2019-10-10,Ormsby Community Center,13
2019-10-10,Magee Community Center,26
2019-10-10,Paulson Community Center,25
2019-10-10,Phillips Community Center,41
2019-10-09,West Penn Community Center,80
2019-10-09,Warrington Community Center,63
2019-10-09,Ammon Community Center,29
2019-10-09,Brookline Community Center,73
2019-10-09,Jefferson Community Center,21
2019-10-09,Magee Community Center,26
2019-10-09,Ormsby Community Center,30
2019-10-09,Phillips Community Center,88
2019-10-09,Paulson Community Center,3
2019-10-08,Warrington Community Center,75
2019-10-08,West Penn Community Center,60
2019-10-08,Ammon Community Center,41
2019-10-08,Jefferson Community Center,22
2019-10-08,Brookline Community Center,76
2019-10-08,Ormsby Community Center,17
2019-10-08,Magee Community Center,24
2019-10-08,Paulson Community Center,22
2019-10-08,Phillips Community Center,95
2019-10-07,West Penn Community Center,46
2019-10-07,Warrington Community Center,76
2019-10-07,Ammon Community Center,36
2019-10-07,Brookline Community Center,68
2019-10-07,Jefferson Community Center,16
2019-10-07,Magee Community Center,26
2019-10-07,Phillips Community Center,88
2019-10-07,Paulson Community Center,20
2019-10-05,Warrington Community Center,3
2019-10-05,West Penn Community Center,19
2019-10-05,Brookline Community Center,20
2019-10-05,Phillips Community Center,7
2019-10-04,West Penn Community Center,30
2019-10-04,Warrington Community Center,42
2019-10-04,Ammon Community Center,24
2019-10-04,Brookline Community Center,82
2019-10-04,Jefferson Community Center,27
2019-10-04,Magee Community Center,36
2019-10-04,Ormsby Community Center,14
2019-10-04,Phillips Community Center,80
2019-10-04,Paulson Community Center,22
2019-10-03,Warrington Community Center,73
2019-10-03,West Penn Community Center,125
2019-10-03,Ammon Community Center,32
2019-10-03,Brookline Community Center,66
2019-10-03,Ormsby Community Center,16
2019-10-03,Magee Community Center,33
2019-10-03,Paulson Community Center,20
2019-10-03,Phillips Community Center,68
2019-10-02,West Penn Community Center,84
2019-10-02,Warrington Community Center,50
2019-10-02,Ammon Community Center,53
2019-10-02,Brookline Community Center,73
2019-10-02,Jefferson Community Center,26
2019-10-02,Magee Community Center,23
2019-10-02,Ormsby Community Center,15
2019-10-02,Phillips Community Center,68
2019-10-02,Paulson Community Center,25
2019-10-01,Warrington Community Center,60
2019-10-01,West Penn Community Center,60
2019-10-01,Ammon Community Center,49
2019-10-01,Jefferson Community Center,33
2019-10-01,Brookline Community Center,61
2019-10-01,Ormsby Community Center,31
2019-10-01,Magee Community Center,30
2019-10-01,Paulson Community Center,21
2019-10-01,Phillips Community Center,91
2019-09-30,West Penn Community Center,42
2019-09-30,Warrington Community Center,52
2019-09-30,Ammon Community Center,23
2019-09-30,Brookline Community Center,63
2019-09-30,Jefferson Community Center,14
2019-09-30,Magee Community Center,33
2019-09-30,Ormsby Community Center,8
2019-09-30,Phillips Community Center,63
2019-09-30,Paulson Community Center,2
2019-09-28,West Penn Community Center,81
2019-09-28,Magee Community Center,7
2019-09-28,Phillips Community Center,22
2019-09-27,West Penn Community Center,42
2019-09-27,Warrington Community Center,28
2019-09-27,Ammon Community Center,10
2019-09-27,Brookline Community Center,55
2019-09-27,Magee Community Center,7
2019-09-27,Ormsby Community Center,9
2019-09-27,Phillips Community Center,89
2019-09-27,Paulson Community Center,3
2019-09-26,Warrington Community Center,49
2019-09-26,West Penn Community Center,120
2019-09-26,Ammon Community Center,30
2019-09-26,Brookline Community Center,69
2019-09-26,Ormsby Community Center,19
2019-09-26,Magee Community Center,16
2019-09-26,Paulson Community Center,3
2019-09-26,Phillips Community Center,42
2019-09-25,West Penn Community Center,78
2019-09-25,Warrington Community Center,62
2019-09-25,Ammon Community Center,70
2019-09-25,Brookline Community Center,65
2019-09-25,Jefferson Community Center,15
2019-09-25,Magee Community Center,23
2019-09-25,Ormsby Community Center,11
2019-09-25,Phillips Community Center,102
2019-09-25,Paulson Community Center,3
2019-09-24,Warrington Community Center,66
2019-09-24,West Penn Community Center,85
2019-09-24,Ammon Community Center,45
2019-09-24,Jefferson Community Center,21
2019-09-24,Brookline Community Center,75
2019-09-24,Ormsby Community Center,27
2019-09-24,Paulson Community Center,20
2019-09-24,Phillips Community Center,76
2019-09-23,West Penn Community Center,43
2019-09-23,Warrington Community Center,57
2019-09-23,Ammon Community Center,57
2019-09-23,Brookline Community Center,49
2019-09-23,Jefferson Community Center,18
2019-09-23,Ormsby Community Center,4
2019-09-23,Phillips Community Center,56
2019-09-23,Paulson Community Center,22
2019-09-22,Ammon Community Center,1
2019-09-21,West Penn Community Center,23
2019-09-21,Brookline Community Center,5
2019-09-20,West Penn Community Center,49
2019-09-20,Warrington Community Center,56
2019-09-20,Ammon Community Center,39
2019-09-20,Brookline Community Center,31
2019-09-20,Jefferson Community Center,27
2019-09-20,Ormsby Community Center,9
2019-09-19,Warrington Community Center,35
2019-09-19,West Penn Community Center,101
2019-09-19,Ammon Community Center,29
2019-09-19,Jefferson Community Center,29
2019-09-19,Brookline Community Center,47
2019-09-19,Ormsby Community Center,13
2019-09-19,Paulson Community Center,2
2019-09-19,Phillips Community Center,59
2019-09-18,West Penn Community Center,95
2019-09-18,Warrington Community Center,45
2019-09-18,Ammon Community Center,61
2019-09-18,Brookline Community Center,61
2019-09-18,Jefferson Community Center,14
2019-09-18,Ormsby Community Center,12
2019-09-18,Phillips Community Center,89
2019-09-17,Warrington Community Center,26
2019-09-17,West Penn Community Center,60
2019-09-17,Ammon Community Center,31
2019-09-17,Jefferson Community Center,6
2019-09-17,Brookline Community Center,65
2019-09-17,Ormsby Community Center,21
2019-09-17,Phillips Community Center,56
2019-09-17,Paulson Community Center,7
2019-09-16,West Penn Community Center,61
2019-09-16,Warrington Community Center,34
2019-09-16,Ammon Community Center,66
2019-09-16,Brookline Community Center,36
2019-09-16,Jefferson Community Center,24
2019-09-16,Ormsby Community Center,3
2019-09-16,Paulson Community Center,3
2019-09-16,Phillips Community Center,65
2019-09-14,West Penn Community Center,25
2019-09-14,Ammon Community Center,1
2019-09-14,Brookline Community Center,11
2019-09-14,Phillips Community Center,3
2019-09-13,West Penn Community Center,61
2019-09-13,Warrington Community Center,18
2019-09-13,Ammon Community Center,23
2019-09-13,Brookline Community Center,37
2019-09-13,Jefferson Community Center,10
2019-09-13,Ormsby Community Center,4
2019-09-13,Phillips Community Center,30
2019-09-13,Paulson Community Center,1
2019-09-12,Warrington Community Center,25
2019-09-12,West Penn Community Center,104
2019-09-12,Ammon Community Center,45
2019-09-12,Jefferson Community Center,21
2019-09-12,Brookline Community Center,42
2019-09-12,Ormsby Community Center,15
2019-09-12,Paulson Community Center,1
2019-09-12,Phillips Community Center,40
2019-09-11,West Penn Community Center,62
2019-09-11,Warrington Community Center,19
2019-09-11,Ammon Community Center,74
2019-09-11,Brookline Community Center,49
2019-09-11,Jefferson Community Center,29
2019-09-11,Ormsby Community Center,13
2019-09-11,Phillips Community Center,28
2019-09-11,Paulson Community Center,1
2019-09-10,Warrington Community Center,55
2019-09-10,West Penn Community Center,61
2019-09-10,Ammon Community Center,37
2019-09-10,Jefferson Community Center,16
2019-09-10,Brookline Community Center,58
2019-09-10,Ormsby Community Center,17
2019-09-10,Paulson Community Center,1
2019-09-10,Phillips Community Center,47
2019-09-09,West Penn Community Center,40
2019-09-09,Warrington Community Center,45
2019-09-09,Ammon Community Center,53
2019-09-09,Brookline Community Center,59
2019-09-09,Jefferson Community Center,14
2019-09-09,Ormsby Community Center,13
2019-09-09,Phillips Community Center,42
2019-09-07,West Penn Community Center,27
2019-09-07,Phillips Community Center,7
2019-09-06,West Penn Community Center,44
2019-09-06,Warrington Community Center,30
2019-09-06,Ammon Community Center,30
2019-09-06,Brookline Community Center,48
2019-09-06,Ormsby Community Center,9
2019-09-06,Magee Community Center,1
2019-09-06,Phillips Community Center,20
2019-09-05,Warrington Community Center,36
2019-09-05,West Penn Community Center,116
2019-09-05,Ammon Community Center,39
2019-09-05,Brookline Community Center,39
2019-09-05,Jefferson Community Center,8
2019-09-05,Magee Community Center,37
2019-09-05,Ormsby Community Center,17
2019-09-05,Phillips Community Center,47
2019-09-05,Paulson Community Center,2
2019-09-04,West Penn Community Center,52
2019-09-04,Warrington Community Center,34
2019-09-04,Ammon Community Center,56
2019-09-04,Jefferson Community Center,1
2019-09-04,Brookline Community Center,42
2019-09-04,Ormsby Community Center,10
2019-09-04,Magee Community Center,18
2019-09-04,Paulson Community Center,5
2019-09-04,Phillips Community Center,73
2019-09-03,Warrington Community Center,57
2019-09-03,West Penn Community Center,71
2019-09-03,Ammon Community Center,47
2019-09-03,Brookline Community Center,48
2019-09-03,Magee Community Center,17
2019-09-03,Ormsby Community Center,28
2019-09-03,Phillips Community Center,68
2019-09-03,Paulson Community Center,2
2019-08-30,West Penn Community Center,40
2019-08-30,Warrington Community Center,37
2019-08-30,Ammon Community Center,27
2019-08-30,Brookline Community Center,32
2019-08-30,Jefferson Community Center,11
2019-08-30,Ormsby Community Center,14
2019-08-30,Magee Community Center,16
2019-08-30,Paulson Community Center,1
2019-08-30,Phillips Community Center,29
2019-08-29,Warrington Community Center,52
2019-08-29,West Penn Community Center,44
2019-08-29,Ammon Community Center,69
2019-08-29,Jefferson Community Center,12
2019-08-29,Brookline Community Center,59
2019-08-29,Magee Community Center,22
2019-08-29,Ormsby Community Center,11
2019-08-29,Phillips Community Center,57
2019-08-28,West Penn Community Center,49
2019-08-28,Warrington Community Center,34
2019-08-28,Ammon Community Center,40
2019-08-28,Brookline Community Center,37
2019-08-28,Jefferson Community Center,7
2019-08-28,Ormsby Community Center,17
2019-08-28,Magee Community Center,18
2019-08-28,Phillips Community Center,47
2019-08-27,Warrington Community Center,39
2019-08-27,West Penn Community Center,75
2019-08-27,Ammon Community Center,42
2019-08-27,Jefferson Community Center,13
2019-08-27,Brookline Community Center,44
2019-08-27,Magee Community Center,23
2019-08-27,Ormsby Community Center,15
2019-08-27,Phillips Community Center,47
2019-08-27,Paulson Community Center,1
2019-08-26,West Penn Community Center,49
2019-08-26,Warrington Community Center,48
2019-08-26,Ammon Community Center,33
2019-08-26,Brookline Community Center,49
2019-08-26,Jefferson Community Center,2
2019-08-26,Ormsby Community Center,13
2019-08-26,Magee Community Center,53
2019-08-26,Paulson Community Center,1
2019-08-26,Phillips Community Center,47
2019-08-24,West Penn Community Center,26
2019-08-24,Ammon Community Center,1
2019-08-24,Brookline Community Center,14
2019-08-24,Magee Community Center,8
2019-08-24,Phillips Community Center,6
2019-08-23,West Penn Community Center,45
2019-08-23,Warrington Community Center,27
2019-08-23,Ammon Community Center,21
2019-08-23,Brookline Community Center,35
2019-08-23,Jefferson Community Center,17
2019-08-23,Magee Community Center,15
2019-08-23,Ormsby Community Center,17
2019-08-23,Phillips Community Center,37
2019-08-22,Warrington Community Center,18
2019-08-22,West Penn Community Center,50
2019-08-22,Ammon Community Center,40
2019-08-22,Jefferson Community Center,9
2019-08-22,Brookline Community Center,30
2019-08-22,Ormsby Community Center,14
2019-08-22,Magee Community Center,19
2019-08-22,Phillips Community Center,23
2019-08-21,West Penn Community Center,49
2019-08-21,Warrington Community Center,21
2019-08-21,Ammon Community Center,3
2019-08-21,Brookline Community Center,29
2019-08-21,Jefferson Community Center,7
2019-08-21,Magee Community Center,9
2019-08-21,Ormsby Community Center,19
2019-08-21,Phillips Community Center,46
2019-08-21,Paulson Community Center,1
2019-08-20,Warrington Community Center,29
2019-08-20,West Penn Community Center,65
2019-08-20,Ammon Community Center,13
2019-08-20,Jefferson Community Center,7
2019-08-20,Brookline Community Center,42
2019-08-20,Ormsby Community Center,17
2019-08-20,Magee Community Center,21
2019-08-20,Paulson Community Center,1
2019-08-20,Phillips Community Center,44
2019-08-19,West Penn Community Center,53
2019-08-19,Warrington Community Center,40
2019-08-19,Ammon Community Center,33
2019-08-19,Brookline Community Center,43
2019-08-19,Jefferson Community Center,10
2019-08-19,Magee Community Center,15
2019-08-19,Ormsby Community Center,22
2019-08-19,Phillips Community Center,40
2019-08-19,Paulson Community Center,1
2019-08-17,West Penn Community Center,46
2019-08-17,Magee Community Center,5
2019-08-17,Phillips Community Center,4
2019-08-16,West Penn Community Center,47
2019-08-16,Warrington Community Center,41
2019-08-16,Ammon Community Center,7
2019-08-16,Brookline Community Center,24
2019-08-16,Magee Community Center,10
2019-08-16,Ormsby Community Center,20
2019-08-16,Phillips Community Center,35
2019-08-16,Paulson Community Center,2
2019-08-15,Warrington Community Center,26
2019-08-15,West Penn Community Center,74
2019-08-15,Ammon Community Center,17
2019-08-15,Brookline Community Center,29
2019-08-15,Jefferson Community Center,21
2019-08-15,Ormsby Community Center,25
2019-08-15,Magee Community Center,6
2019-08-15,Phillips Community Center,27
2019-08-14,West Penn Community Center,52
2019-08-14,Warrington Community Center,36
2019-08-14,Ammon Community Center,15
2019-08-14,Jefferson Community Center,25
2019-08-14,Brookline Community Center,33
2019-08-14,Magee Community Center,9
2019-08-14,Ormsby Community Center,29
2019-08-14,Phillips Community Center,35
2019-08-14,Paulson Community Center,3
2019-08-13,Warrington Community Center,47
2019-08-13,West Penn Community Center,126
2019-08-13,Ammon Community Center,14
2019-08-13,Brookline Community Center,21
2019-08-13,Jefferson Community Center,24
2019-08-13,Ormsby Community Center,15
2019-08-13,Magee Community Center,4
2019-08-13,Paulson Community Center,2
2019-08-13,Phillips Community Center,43
2019-08-12,West Penn Community Center,53
2019-08-12,Warrington Community Center,43
2019-08-12,Ammon Community Center,23
2019-08-12,Jefferson Community Center,26
2019-08-12,Brookline Community Center,43
2019-08-12,Magee Community Center,11
2019-08-12,Ormsby Community Center,25
2019-08-12,Phillips Community Center,45
2019-08-10,West Penn Community Center,22
2019-08-10,Magee Community Center,1
2019-08-10,Phillips Community Center,4
2019-08-09,West Penn Community Center,35
2019-08-09,Warrington Community Center,82
2019-08-09,Ammon Community Center,2
2019-08-09,Brookline Community Center,24
2019-08-09,Jefferson Community Center,26
2019-08-09,Magee Community Center,3
2019-08-09,Ormsby Community Center,19
2019-08-09,Phillips Community Center,37
2019-08-09,Paulson Community Center,4
2019-08-08,Warrington Community Center,69
2019-08-08,West Penn Community Center,90
2019-08-08,Ammon Community Center,28
2019-08-08,Jefferson Community Center,26
2019-08-08,Brookline Community Center,34
2019-08-08,Ormsby Community Center,21
2019-08-08,Magee Community Center,12
2019-08-08,Paulson Community Center,1
2019-08-08,Phillips Community Center,33
2019-08-07,West Penn Community Center,54
2019-08-07,Warrington Community Center,85
2019-08-07,Ammon Community Center,57
2019-08-07,Brookline Community Center,46
2019-08-07,Jefferson Community Center,40
2019-08-07,Ormsby Community Center,28
2019-08-07,Phillips Community Center,37
2019-08-06,Warrington Community Center,93
2019-08-06,West Penn Community Center,26
2019-08-06,Ammon Community Center,41
2019-08-06,Jefferson Community Center,44
2019-08-06,Brookline Community Center,27
2019-08-06,Ormsby Community Center,20
2019-08-06,Phillips Community Center,54
2019-08-06,Paulson Community Center,5
2019-08-05,West Penn Community Center,53
2019-08-05,Warrington Community Center,118
2019-08-05,Ammon Community Center,56
2019-08-05,Brookline Community Center,63
2019-08-05,Jefferson Community Center,9
2019-08-05,Ormsby Community Center,16
2019-08-05,Magee Community Center,10
2019-08-05,Paulson Community Center,1
2019-08-05,Phillips Community Center,63
2019-08-03,West Penn Community Center,51
2019-08-03,Brookline Community Center,14
2019-08-03,Magee Community Center,7
2019-08-03,Phillips Community Center,7
2019-08-02,West Penn Community Center,38
2019-08-02,Warrington Community Center,95
2019-08-02,Ammon Community Center,36
2019-08-02,Brookline Community Center,22
2019-08-02,Jefferson Community Center,26
2019-08-02,Magee Community Center,10
2019-08-02,Ormsby Community Center,8
2019-08-02,Phillips Community Center,26
2019-08-02,Paulson Community Center,2
2019-08-01,Warrington Community Center,125
2019-08-01,West Penn Community Center,106
2019-08-01,Ammon Community Center,78
2019-08-01,Jefferson Community Center,54
2019-08-01,Brookline Community Center,26
2019-08-01,Ormsby Community Center,26
2019-08-01,Magee Community Center,10
2019-08-01,Paulson Community Center,2
2019-08-01,Phillips Community Center,51
2019-07-31,West Penn Community Center,76
2019-07-31,Warrington Community Center,109
2019-07-31,Ammon Community Center,78
2019-07-31,Brookline Community Center,41
2019-07-31,Jefferson Community Center,38
2019-07-31,Magee Community Center,6
2019-07-31,Ormsby Community Center,16
2019-07-31,Phillips Community Center,47
2019-07-31,Paulson Community Center,5
2019-07-30,Warrington Community Center,101
2019-07-30,West Penn Community Center,72
2019-07-30,Ammon Community Center,71
2019-07-30,Jefferson Community Center,43
2019-07-30,Brookline Community Center,51
2019-07-30,Ormsby Community Center,23
2019-07-30,Magee Community Center,3
2019-07-30,Paulson Community Center,1
2019-07-30,Phillips Community Center,51
2019-07-29,West Penn Community Center,66
2019-07-29,Warrington Community Center,145
2019-07-29,Ammon Community Center,69
2019-07-29,Brookline Community Center,52
2019-07-29,Jefferson Community Center,39
2019-07-29,Magee Community Center,12
2019-07-29,Ormsby Community Center,31
2019-07-29,Phillips Community Center,68
2019-07-29,Paulson Community Center,4
2019-07-27,Warrington Community Center,1
2019-07-27,Ammon Community Center,272
2019-07-27,Brookline Community Center,9
2019-07-27,Magee Community Center,9
2019-07-27,Phillips Community Center,4
2019-07-26,Warrington Community Center,126
2019-07-26,West Penn Community Center,50
2019-07-26,Ammon Community Center,60
2019-07-26,Brookline Community Center,15
2019-07-26,Jefferson Community Center,23
2019-07-26,Magee Community Center,6
2019-07-26,Ormsby Community Center,17
2019-07-26,Phillips Community Center,29
2019-07-26,Paulson Community Center,5
2019-07-25,West Penn Community Center,98
2019-07-25,Warrington Community Center,89
2019-07-25,Ammon Community Center,74
2019-07-25,Brookline Community Center,29
2019-07-25,Jefferson Community Center,11
2019-07-25,Ormsby Community Center,17
2019-07-25,Magee Community Center,10
2019-07-25,Paulson Community Center,1
2019-07-25,Phillips Community Center,78
2019-07-24,Warrington Community Center,112
2019-07-24,West Penn Community Center,48
2019-07-24,Ammon Community Center,79
2019-07-24,Jefferson Community Center,13
2019-07-24,Brookline Community Center,53
2019-07-24,Magee Community Center,18
2019-07-24,Ormsby Community Center,27
2019-07-24,Phillips Community Center,56
2019-07-24,Paulson Community Center,7
2019-07-23,West Penn Community Center,36
2019-07-23,Warrington Community Center,115
2019-07-23,Ammon Community Center,156
2019-07-23,Brookline Community Center,34
2019-07-23,Jefferson Community Center,43
2019-07-23,Ormsby Community Center,18
2019-07-23,Magee Community Center,18
2019-07-23,Paulson Community Center,4
2019-07-23,Phillips Community Center,52
2019-07-22,Warrington Community Center,34
2019-07-22,West Penn Community Center,44
2019-07-22,Ammon Community Center,121
2019-07-22,Jefferson Community Center,11
2019-07-22,Brookline Community Center,42
2019-07-22,Magee Community Center,23
2019-07-22,Ormsby Community Center,11
2019-07-22,Phillips Community Center,41
2019-07-22,Paulson Community Center,1
2019-07-20,West Penn Community Center,38
2019-07-20,Ammon Community Center,127
2019-07-20,Brookline Community Center,4
2019-07-20,Magee Community Center,8
2019-07-20,Phillips Community Center,4
2019-07-19,West Penn Community Center,72
2019-07-19,Warrington Community Center,79
2019-07-19,Ammon Community Center,80
2019-07-19,Brookline Community Center,50
2019-07-19,Jefferson Community Center,35
2019-07-19,Magee Community Center,11
2019-07-19,Ormsby Community Center,19
2019-07-19,Phillips Community Center,32
2019-07-18,Warrington Community Center,121
2019-07-18,West Penn Community Center,132
2019-07-18,Ammon Community Center,115
2019-07-18,Jefferson Community Center,23
2019-07-18,Brookline Community Center,41
2019-07-18,Ormsby Community Center,18
2019-07-18,Magee Community Center,14
2019-07-18,Phillips Community Center,48
2019-07-18,Paulson Community Center,4
2019-07-17,West Penn Community Center,61
2019-07-17,Warrington Community Center,65
2019-07-17,Ammon Community Center,296
2019-07-17,Brookline Community Center,35
2019-07-17,Jefferson Community Center,16
2019-07-17,Magee Community Center,15
2019-07-17,Ormsby Community Center,19
2019-07-17,Paulson Community Center,3
2019-07-17,Phillips Community Center,36
2019-07-16,Warrington Community Center,44
2019-07-16,West Penn Community Center,60
2019-07-16,Ammon Community Center,134
2019-07-16,Jefferson Community Center,36
2019-07-16,Brookline Community Center,42
2019-07-16,Ormsby Community Center,30
2019-07-16,Magee Community Center,9
2019-07-16,Phillips Community Center,39
2019-07-16,Paulson Community Center,5
2019-07-15,West Penn Community Center,52
2019-07-15,Warrington Community Center,107
2019-07-15,Ammon Community Center,199
2019-07-15,Brookline Community Center,65
2019-07-15,Jefferson Community Center,64
2019-07-15,Magee Community Center,10
2019-07-15,Ormsby Community Center,26
2019-07-15,Paulson Community Center,2
2019-07-15,Phillips Community Center,120
2019-07-14,Ammon Community Center,1
2019-07-13,West Penn Community Center,84
2019-07-13,Ammon Community Center,19
2019-07-13,Brookline Community Center,12
2019-07-13,Magee Community Center,3
2019-07-13,Phillips Community Center,109
2019-07-12,West Penn Community Center,61
2019-07-12,Warrington Community Center,42
2019-07-12,Ammon Community Center,19
2019-07-12,Brookline Community Center,34
2019-07-12,Jefferson Community Center,27
2019-07-12,Magee Community Center,12
2019-07-12,Ormsby Community Center,24
2019-07-12,Phillips Community Center,39
2019-07-12,Paulson Community Center,6
2019-07-11,Warrington Community Center,85
2019-07-11,West Penn Community Center,134
2019-07-11,Ammon Community Center,60
2019-07-11,Jefferson Community Center,26
2019-07-11,Brookline Community Center,40
2019-07-11,Ormsby Community Center,13
2019-07-11,Magee Community Center,12
2019-07-11,Paulson Community Center,3
2019-07-11,Phillips Community Center,48
2019-07-10,West Penn Community Center,77
2019-07-10,Warrington Community Center,146
2019-07-10,Ammon Community Center,206
2019-07-10,Brookline Community Center,46
2019-07-10,Jefferson Community Center,29
2019-07-10,Magee Community Center,5
2019-07-10,Ormsby Community Center,39
2019-07-10,Phillips Community Center,67
2019-07-10,Paulson Community Center,11
2019-07-09,Warrington Community Center,35
2019-07-09,West Penn Community Center,71
2019-07-09,Ammon Community Center,98
2019-07-09,Jefferson Community Center,45
2019-07-09,Brookline Community Center,37
2019-07-09,Ormsby Community Center,18
2019-07-09,Magee Community Center,12
2019-07-09,Paulson Community Center,3
2019-07-09,Phillips Community Center,53
2019-07-08,West Penn Community Center,56
2019-07-08,Warrington Community Center,144
2019-07-08,Ammon Community Center,155
2019-07-08,Brookline Community Center,85
2019-07-08,Jefferson Community Center,73
2019-07-08,Magee Community Center,15
2019-07-08,Ormsby Community Center,21
2019-07-08,Phillips Community Center,84
2019-07-08,Paulson Community Center,5
2019-07-06,Warrington Community Center,2
2019-07-06,West Penn Community Center,66
2019-07-06,Ammon Community Center,80
2019-07-06,Brookline Community Center,23
2019-07-06,Phillips Community Center,4
2019-07-05,West Penn Community Center,89
2019-07-05,Warrington Community Center,125
2019-07-05,Ammon Community Center,46
2019-07-05,Brookline Community Center,30
2019-07-05,Jefferson Community Center,51
2019-07-05,Ormsby Community Center,13
2019-07-05,Magee Community Center,8
2019-07-05,Phillips Community Center,42
2019-07-05,Paulson Community Center,5
2019-07-03,Warrington Community Center,66
2019-07-03,West Penn Community Center,105
2019-07-03,Ammon Community Center,130
2019-07-03,Arlington Community Center,1
2019-07-03,Jefferson Community Center,24
2019-07-03,Brookline Community Center,38
2019-07-03,Magee Community Center,9
2019-07-03,Ormsby Community Center,21
2019-07-03,Paulson Community Center,9
2019-07-03,Phillips Community Center,50
2019-07-02,West Penn Community Center,129
2019-07-02,Warrington Community Center,72
2019-07-02,Arlington Community Center,36
2019-07-02,Ammon Community Center,170
2019-07-02,Brookline Community Center,47
2019-07-02,Jefferson Community Center,60
2019-07-02,Magee Community Center,13
2019-07-02,Phillips Community Center,98
2019-07-02,Paulson Community Center,27
2019-07-01,Warrington Community Center,74
2019-07-01,West Penn Community Center,48
2019-07-01,Ammon Community Center,256
2019-07-01,Jefferson Community Center,157
2019-07-01,Brookline Community Center,48
2019-07-01,Magee Community Center,26
2019-07-01,Ormsby Community Center,35
2019-07-01,Paulson Community Center,36
2019-07-01,Phillips Community Center,107
2019-06-29,West Penn Community Center,60
2019-06-29,Brookline Community Center,11
2019-06-29,Magee Community Center,4
2019-06-29,Phillips Community Center,22
2019-06-28,West Penn Community Center,86
2019-06-28,Warrington Community Center,66
2019-06-28,Ammon Community Center,194
2019-06-28,Brookline Community Center,34
2019-06-28,Jefferson Community Center,82
2019-06-28,Magee Community Center,8
2019-06-28,Ormsby Community Center,27
2019-06-28,Phillips Community Center,45
2019-06-28,Paulson Community Center,1
2019-06-27,Warrington Community Center,40
2019-06-27,West Penn Community Center,160
2019-06-27,Ammon Community Center,242
2019-06-27,Jefferson Community Center,104
2019-06-27,Brookline Community Center,37
2019-06-27,Ormsby Community Center,24
2019-06-27,Magee Community Center,21
2019-06-27,Paulson Community Center,8
2019-06-27,Phillips Community Center,88
2019-06-26,West Penn Community Center,113
2019-06-26,Warrington Community Center,70
2019-06-26,Ammon Community Center,260
2019-06-26,Brookline Community Center,45
2019-06-26,Jefferson Community Center,123
2019-06-26,Magee Community Center,15
2019-06-26,Ormsby Community Center,40
2019-06-26,Phillips Community Center,100
2019-06-26,Paulson Community Center,10
2019-06-25,Warrington Community Center,81
2019-06-25,West Penn Community Center,69
2019-06-25,Ammon Community Center,246
2019-06-25,Jefferson Community Center,68
2019-06-25,Brookline Community Center,47
2019-06-25,Ormsby Community Center,33
2019-06-25,Magee Community Center,24
2019-06-25,Paulson Community Center,4
2019-06-25,Phillips Community Center,108
2019-06-24,West Penn Community Center,49
2019-06-24,Warrington Community Center,74
2019-06-24,Ammon Community Center,265
2019-06-24,Brookline Community Center,61
2019-06-24,Jefferson Community Center,159
2019-06-24,Magee Community Center,19
2019-06-24,Ormsby Community Center,35
2019-06-24,Phillips Community Center,117
2019-06-24,Paulson Community Center,11
2019-06-22,West Penn Community Center,48
2019-06-22,Ammon Community Center,21
2019-06-22,Brookline Community Center,7
2019-06-22,Magee Community Center,2
2019-06-22,Phillips Community Center,3
2019-06-21,West Penn Community Center,65
2019-06-21,Warrington Community Center,58
2019-06-21,Ammon Community Center,83
2019-06-21,Brookline Community Center,36
2019-06-21,Jefferson Community Center,53
2019-06-21,Magee Community Center,5
2019-06-21,Ormsby Community Center,26
2019-06-21,Phillips Community Center,62
2019-06-21,Paulson Community Center,4
2019-06-20,Warrington Community Center,39
2019-06-20,West Penn Community Center,51
2019-06-20,Ammon Community Center,176
2019-06-20,Jefferson Community Center,23
2019-06-20,Brookline Community Center,31
2019-06-20,Ormsby Community Center,21
2019-06-20,Paulson Community Center,5
2019-06-20,Phillips Community Center,45
2019-06-19,West Penn Community Center,72
2019-06-19,Warrington Community Center,19
2019-06-19,Ammon Community Center,228
2019-06-19,Brookline Community Center,38
2019-06-19,Jefferson Community Center,102
2019-06-19,Ormsby Community Center,32
2019-06-19,Phillips Community Center,95
2019-06-19,Paulson Community Center,6
2019-06-18,Warrington Community Center,33
2019-06-18,West Penn Community Center,79
2019-06-18,Ammon Community Center,239
2019-06-18,Jefferson Community Center,109
2019-06-18,Brookline Community Center,60
2019-06-18,Ormsby Community Center,30
2019-06-18,Paulson Community Center,11
2019-06-18,Phillips Community Center,61
2019-06-17,West Penn Community Center,77
2019-06-17,Warrington Community Center,52
2019-06-17,Ammon Community Center,202
2019-06-17,Brookline Community Center,65
2019-06-17,Jefferson Community Center,48
2019-06-17,Ormsby Community Center,42
2019-06-17,Phillips Community Center,100
2019-06-17,Paulson Community Center,22
2019-06-15,West Penn Community Center,38
2019-06-15,Ammon Community Center,38
2019-06-15,Brookline Community Center,10
2019-06-15,Phillips Community Center,8
2019-06-14,West Penn Community Center,52
2019-06-14,Warrington Community Center,35
2019-06-14,Ammon Community Center,75
2019-06-14,Brookline Community Center,46
2019-06-14,Jefferson Community Center,43
2019-06-14,Ormsby Community Center,29
2019-06-14,Phillips Community Center,8
2019-06-14,Paulson Community Center,10
2019-06-13,Warrington Community Center,25
2019-06-13,West Penn Community Center,49
2019-06-13,Ammon Community Center,148
2019-06-13,Jefferson Community Center,54
2019-06-13,Brookline Community Center,42
2019-06-13,Ormsby Community Center,20
2019-06-13,Paulson Community Center,6
2019-06-13,Phillips Community Center,48
2019-06-12,West Penn Community Center,100
2019-06-12,Warrington Community Center,40
2019-06-12,Ammon Community Center,185
2019-06-12,Brookline Community Center,82
2019-06-12,Jefferson Community Center,109
2019-06-12,Ormsby Community Center,55
2019-06-12,Phillips Community Center,93
2019-06-12,Paulson Community Center,25
2019-06-11,Warrington Community Center,68
2019-06-11,West Penn Community Center,89
2019-06-11,Ammon Community Center,185
2019-06-11,Jefferson Community Center,26
2019-06-11,Brookline Community Center,76
2019-06-11,Ormsby Community Center,18
2019-06-11,Paulson Community Center,8
2019-06-11,Phillips Community Center,14
2019-06-10,West Penn Community Center,42
2019-06-10,Warrington Community Center,31
2019-06-10,Ammon Community Center,177
2019-06-10,Brookline Community Center,70
2019-06-10,Jefferson Community Center,42
2019-06-10,Ormsby Community Center,15
2019-06-10,Phillips Community Center,56
2019-06-10,Paulson Community Center,6
2019-06-09,Ammon Community Center,1
2019-06-08,West Penn Community Center,42
2019-06-08,Ammon Community Center,84
2019-06-08,Brookline Community Center,19
2019-06-08,Phillips Community Center,11
2019-06-07,West Penn Community Center,50
2019-06-07,Warrington Community Center,44
2019-06-07,Ammon Community Center,66
2019-06-07,Brookline Community Center,66
2019-06-07,Jefferson Community Center,20
2019-06-07,Ormsby Community Center,9
2019-06-07,Phillips Community Center,37
2019-06-07,Paulson Community Center,17
2019-06-06,Warrington Community Center,40
2019-06-06,West Penn Community Center,112
2019-06-06,Ammon Community Center,81
2019-06-06,Jefferson Community Center,29
2019-06-06,Brookline Community Center,65
2019-06-06,Ormsby Community Center,17
2019-06-06,Paulson Community Center,10
2019-06-06,Phillips Community Center,53
2019-06-05,West Penn Community Center,64
2019-06-05,Warrington Community Center,78
2019-06-05,Ammon Community Center,151
2019-06-05,Brookline Community Center,61
2019-06-05,Jefferson Community Center,22
2019-06-05,Ormsby Community Center,16
2019-06-05,Phillips Community Center,42
2019-06-05,Paulson Community Center,28
2019-06-04,Warrington Community Center,84
2019-06-04,West Penn Community Center,49
2019-06-04,Ammon Community Center,56
2019-06-04,Jefferson Community Center,15
2019-06-04,Brookline Community Center,67
2019-06-04,Ormsby Community Center,28
2019-06-04,Paulson Community Center,27
2019-06-04,Phillips Community Center,44
2019-06-03,West Penn Community Center,47
2019-06-03,Warrington Community Center,56
2019-06-03,Ammon Community Center,61
2019-06-03,Brookline Community Center,78
2019-06-03,Jefferson Community Center,21
2019-06-03,Ormsby Community Center,14
2019-06-03,Phillips Community Center,45
2019-06-03,Paulson Community Center,3
2019-06-01,West Penn Community Center,29
2019-06-01,Brookline Community Center,17
2019-06-01,Magee Community Center,14
2019-06-01,Phillips Community Center,6
2019-05-31,West Penn Community Center,42
2019-05-31,Warrington Community Center,39
2019-05-31,Ammon Community Center,78
2019-05-31,Brookline Community Center,65
2019-05-31,Jefferson Community Center,30
2019-05-31,Magee Community Center,67
2019-05-31,Ormsby Community Center,15
2019-05-31,Phillips Community Center,41
2019-05-31,Paulson Community Center,26
2019-05-30,Warrington Community Center,62
2019-05-30,West Penn Community Center,148
2019-05-30,Ammon Community Center,50
2019-05-30,Jefferson Community Center,3
2019-05-30,Brookline Community Center,75
2019-05-30,Ormsby Community Center,24
2019-05-30,Magee Community Center,74
2019-05-30,Paulson Community Center,24
2019-05-30,Phillips Community Center,51
2019-05-29,West Penn Community Center,65
2019-05-29,Warrington Community Center,65
2019-05-29,Ammon Community Center,64
2019-05-29,Brookline Community Center,51
2019-05-29,Jefferson Community Center,17
2019-05-29,Magee Community Center,48
2019-05-29,Ormsby Community Center,23
2019-05-29,Phillips Community Center,66
2019-05-29,Paulson Community Center,20
2019-05-28,Warrington Community Center,78
2019-05-28,West Penn Community Center,64
2019-05-28,Ammon Community Center,47
2019-05-28,Jefferson Community Center,38
2019-05-28,Brookline Community Center,70
2019-05-28,Ormsby Community Center,28
2019-05-28,Magee Community Center,45
2019-05-28,Paulson Community Center,16
2019-05-28,Phillips Community Center,50
2019-05-24,West Penn Community Center,61
2019-05-24,Warrington Community Center,40
2019-05-24,Ammon Community Center,13
2019-05-24,Brookline Community Center,60
2019-05-24,Jefferson Community Center,38
2019-05-24,Magee Community Center,34
2019-05-24,Ormsby Community Center,8
2019-05-24,Phillips Community Center,30
2019-05-24,Paulson Community Center,8
2019-05-23,Warrington Community Center,53
2019-05-23,West Penn Community Center,147
2019-05-23,Ammon Community Center,72
2019-05-23,Jefferson Community Center,37
2019-05-23,Brookline Community Center,60
2019-05-23,Ormsby Community Center,23
2019-05-23,Magee Community Center,20
2019-05-23,Paulson Community Center,30
2019-05-23,Phillips Community Center,44
2019-05-22,West Penn Community Center,56
2019-05-22,Warrington Community Center,89
2019-05-22,Ammon Community Center,101
2019-05-22,Brookline Community Center,76
2019-05-22,Magee Community Center,23
2019-05-22,Ormsby Community Center,19
2019-05-22,Phillips Community Center,82
2019-05-22,Paulson Community Center,10
2019-05-21,Warrington Community Center,7
2019-05-21,West Penn Community Center,64
2019-05-21,Ammon Community Center,54
2019-05-21,Brookline Community Center,17
2019-05-21,Jefferson Community Center,24
2019-05-21,Ormsby Community Center,17
2019-05-21,Magee Community Center,23
2019-05-21,Phillips Community Center,95
2019-05-20,West Penn Community Center,60
2019-05-20,Warrington Community Center,72
2019-05-20,Ammon Community Center,52
2019-05-20,Jefferson Community Center,37
2019-05-20,Brookline Community Center,68
2019-05-20,Magee Community Center,44
2019-05-20,Ormsby Community Center,12
2019-05-20,Phillips Community Center,108
2019-05-20,Paulson Community Center,20
2019-05-18,West Penn Community Center,33
2019-05-18,Brookline Community Center,31
2019-05-18,Magee Community Center,8
2019-05-18,Phillips Community Center,9
2019-05-17,West Penn Community Center,62
2019-05-17,Warrington Community Center,42
2019-05-17,Ammon Community Center,52
2019-05-17,Brookline Community Center,55
2019-05-17,Jefferson Community Center,40
2019-05-17,Magee Community Center,42
2019-05-17,Ormsby Community Center,18
2019-05-17,Phillips Community Center,56
2019-05-17,Paulson Community Center,27
2019-05-16,Warrington Community Center,48
2019-05-16,West Penn Community Center,115
2019-05-16,Ammon Community Center,123
2019-05-16,Jefferson Community Center,10
2019-05-16,Brookline Community Center,47
2019-05-16,Ormsby Community Center,23
2019-05-16,Magee Community Center,26
2019-05-16,Paulson Community Center,33
2019-05-16,Phillips Community Center,63
2019-05-15,West Penn Community Center,59
2019-05-15,Warrington Community Center,34
2019-05-15,Ammon Community Center,40
2019-05-15,Brookline Community Center,62
2019-05-15,Jefferson Community Center,35
2019-05-15,Magee Community Center,25
2019-05-15,Ormsby Community Center,14
2019-05-15,Phillips Community Center,82
2019-05-15,Paulson Community Center,33
2019-05-14,Warrington Community Center,39
2019-05-14,West Penn Community Center,93
2019-05-14,Ammon Community Center,35
2019-05-14,Brookline Community Center,65
2019-05-14,Ormsby Community Center,18
2019-05-14,Magee Community Center,69
2019-05-14,Paulson Community Center,5
2019-05-14,Phillips Community Center,64
2019-05-13,West Penn Community Center,82
2019-05-13,Warrington Community Center,44
2019-05-13,Ammon Community Center,28
2019-05-13,Brookline Community Center,93
2019-05-13,Magee Community Center,34
2019-05-13,Ormsby Community Center,20
2019-05-13,Phillips Community Center,70
2019-05-13,Paulson Community Center,37
2019-05-11,West Penn Community Center,49
2019-05-11,Phillips Community Center,5
2019-05-10,West Penn Community Center,90
2019-05-10,Warrington Community Center,46
2019-05-10,Brookline Community Center,53
2019-05-10,Jefferson Community Center,20
2019-05-10,Ormsby Community Center,8
2019-05-10,Magee Community Center,35
2019-05-10,Phillips Community Center,37
2019-05-10,Paulson Community Center,4
2019-05-09,Warrington Community Center,25
2019-05-09,West Penn Community Center,136
2019-05-09,Ammon Community Center,5
2019-05-09,Brookline Community Center,57
2019-05-09,Magee Community Center,49
2019-05-09,Ormsby Community Center,11
2019-05-09,Paulson Community Center,33
2019-05-08,West Penn Community Center,54
2019-05-08,Warrington Community Center,50
2019-05-08,Ammon Community Center,13
2019-05-08,Brookline Community Center,51
2019-05-08,Magee Community Center,26
2019-05-08,Paulson Community Center,3
2019-05-08,Phillips Community Center,11
2019-05-07,Warrington Community Center,48
2019-05-07,West Penn Community Center,70
2019-05-07,Ammon Community Center,19
2019-05-07,Brookline Community Center,65
2019-05-07,Jefferson Community Center,36
2019-05-07,Magee Community Center,26
2019-05-07,Ormsby Community Center,29
2019-05-07,Phillips Community Center,67
2019-05-07,Paulson Community Center,35
2019-05-06,West Penn Community Center,64
2019-05-06,Warrington Community Center,86
2019-05-06,Ammon Community Center,28
2019-05-06,Jefferson Community Center,24
2019-05-06,Brookline Community Center,62
2019-05-06,Ormsby Community Center,23
2019-05-06,Magee Community Center,44
2019-05-06,Paulson Community Center,26
2019-05-06,Phillips Community Center,91
2019-05-04,West Penn Community Center,29
2019-05-04,Brookline Community Center,21
2019-05-04,Magee Community Center,10
2019-05-04,Phillips Community Center,5
2019-05-03,West Penn Community Center,43
2019-05-03,Warrington Community Center,27
2019-05-03,Brookline Community Center,54
2019-05-03,Jefferson Community Center,18
2019-05-03,Ormsby Community Center,8
2019-05-03,Phillips Community Center,70
2019-05-03,Paulson Community Center,26
2019-05-02,Warrington Community Center,17
2019-05-02,West Penn Community Center,134
2019-05-02,Jefferson Community Center,32
2019-05-02,Brookline Community Center,51
2019-05-02,Ormsby Community Center,17
2019-05-02,Magee Community Center,44
2019-05-02,Paulson Community Center,21
2019-05-02,Phillips Community Center,60
2019-05-01,West Penn Community Center,50
2019-05-01,Warrington Community Center,43
2019-05-01,Ammon Community Center,43
2019-05-01,Brookline Community Center,47
2019-05-01,Magee Community Center,33
2019-05-01,Ormsby Community Center,45
2019-05-01,Phillips Community Center,83
2019-05-01,Paulson Community Center,18
2019-04-30,Warrington Community Center,20
2019-04-30,West Penn Community Center,70
2019-04-30,Ammon Community Center,18
2019-04-30,Brookline Community Center,74
2019-04-30,Ormsby Community Center,27
2019-04-30,Magee Community Center,27
2019-04-30,Phillips Community Center,93
2019-04-29,West Penn Community Center,43
2019-04-29,Warrington Community Center,16
2019-04-29,Ammon Community Center,25
2019-04-29,Brookline Community Center,60
2019-04-29,Jefferson Community Center,31
2019-04-29,Magee Community Center,62
2019-04-29,Ormsby Community Center,22
2019-04-29,Phillips Community Center,99
2019-04-29,Paulson Community Center,30
2019-04-27,West Penn Community Center,25
2019-04-27,Ammon Community Center,1
2019-04-27,Brookline Community Center,29
2019-04-27,Magee Community Center,11
2019-04-26,West Penn Community Center,39
2019-04-26,Warrington Community Center,21
2019-04-26,Ammon Community Center,18
2019-04-26,Brookline Community Center,57
2019-04-26,Jefferson Community Center,22
2019-04-26,Magee Community Center,26
2019-04-26,Ormsby Community Center,8
2019-04-26,Paulson Community Center,21
2019-04-26,Phillips Community Center,36
2019-04-25,Warrington Community Center,2
2019-04-25,West Penn Community Center,123
2019-04-25,Ammon Community Center,34
2019-04-25,Jefferson Community Center,24
2019-04-25,Brookline Community Center,53
2019-04-25,Ormsby Community Center,15
2019-04-25,Magee Community Center,45
2019-04-25,Phillips Community Center,63
2019-04-24,West Penn Community Center,50
2019-04-24,Warrington Community Center,16
2019-04-24,Ammon Community Center,42
2019-04-24,Brookline Community Center,50
2019-04-24,Jefferson Community Center,30
2019-04-24,Magee Community Center,32
2019-04-24,Ormsby Community Center,16
2019-04-24,Phillips Community Center,87
2019-04-24,Paulson Community Center,1
2019-04-23,Warrington Community Center,41
2019-04-23,West Penn Community Center,98
2019-04-23,Ammon Community Center,31
2019-04-23,Jefferson Community Center,19
2019-04-23,Brookline Community Center,78
2019-04-23,Ormsby Community Center,34
2019-04-23,Magee Community Center,24
2019-04-23,Paulson Community Center,1
2019-04-23,Phillips Community Center,110
2019-04-22,West Penn Community Center,45
2019-04-22,Warrington Community Center,51
2019-04-22,Ammon Community Center,62
2019-04-22,Brookline Community Center,95
2019-04-22,Jefferson Community Center,25
2019-04-22,Magee Community Center,40
2019-04-22,Ormsby Community Center,13
2019-04-22,Phillips Community Center,104
2019-04-20,Ammon Community Center,22
2019-04-18,Warrington Community Center,38
2019-04-18,West Penn Community Center,128
2019-04-18,Ammon Community Center,36
2019-04-18,Jefferson Community Center,23
2019-04-18,Brookline Community Center,56
2019-04-18,Ormsby Community Center,9
2019-04-18,Magee Community Center,23
2019-04-18,Phillips Community Center,35
2019-04-17,West Penn Community Center,72
2019-04-17,Warrington Community Center,22
2019-04-17,Ammon Community Center,24
2019-04-17,Brookline Community Center,51
2019-04-17,Jefferson Community Center,29
2019-04-17,Magee Community Center,56
2019-04-17,Ormsby Community Center,10
2019-04-17,Phillips Community Center,60
2019-04-16,Warrington Community Center,20
2019-04-16,West Penn Community Center,95
2019-04-16,Ammon Community Center,38
2019-04-16,Jefferson Community Center,16
2019-04-16,Brookline Community Center,69
2019-04-16,Ormsby Community Center,16
2019-04-16,Magee Community Center,36
2019-04-16,Phillips Community Center,73
2019-04-15,West Penn Community Center,49
2019-04-15,Warrington Community Center,24
2019-04-15,Ammon Community Center,27
2019-04-15,Brookline Community Center,66
2019-04-15,Magee Community Center,28
2019-04-15,Ormsby Community Center,8
2019-04-15,Phillips Community Center,91
2019-04-13,Brookline Community Center,21
2019-04-13,Magee Community Center,19
2019-04-13,Phillips Community Center,21
2019-04-12,West Penn Community Center,56
2019-04-12,Ammon Community Center,39
2019-04-12,Brookline Community Center,73
2019-04-12,Jefferson Community Center,19
2019-04-12,Magee Community Center,41
2019-04-12,Ormsby Community Center,22
2019-04-12,Phillips Community Center,84
2019-04-11,West Penn Community Center,34
2019-04-11,Warrington Community Center,59
2019-04-11,Ammon Community Center,53
2019-04-11,Jefferson Community Center,19
2019-04-11,Brookline Community Center,82
2019-04-11,Ormsby Community Center,24
2019-04-11,Magee Community Center,31
2019-04-11,Phillips Community Center,88
2019-04-10,Warrington Community Center,64
2019-04-10,West Penn Community Center,41
2019-04-10,Ammon Community Center,37
2019-04-10,Brookline Community Center,101
2019-04-10,Jefferson Community Center,23
2019-04-10,Magee Community Center,44
2019-04-10,Ormsby Community Center,16
2019-04-10,Phillips Community Center,122
2019-04-09,West Penn Community Center,36
2019-04-09,Warrington Community Center,68
2019-04-09,Ammon Community Center,65
2019-04-09,Jefferson Community Center,21
2019-04-09,Brookline Community Center,82
2019-04-09,Ormsby Community Center,34
2019-04-09,Magee Community Center,26
2019-04-09,Phillips Community Center,140
2019-04-08,Warrington Community Center,69
2019-04-08,West Penn Community Center,40
2019-04-08,Ammon Community Center,111
2019-04-08,Brookline Community Center,93
2019-04-08,Jefferson Community Center,27
2019-04-08,Magee Community Center,66
2019-04-08,Ormsby Community Center,28
2019-04-08,Phillips Community Center,88
2019-04-06,West Penn Community Center,23
2019-04-06,Ammon Community Center,1
2019-04-06,Brookline Community Center,26
2019-04-06,Magee Community Center,3
2019-04-06,Phillips Community Center,16
2019-04-05,West Penn Community Center,30
2019-04-05,Warrington Community Center,39
2019-04-05,Ammon Community Center,34
2019-04-05,Brookline Community Center,65
2019-04-05,Jefferson Community Center,39
2019-04-05,Magee Community Center,47
2019-04-05,Ormsby Community Center,19
2019-04-05,Phillips Community Center,88
2019-04-04,Warrington Community Center,52
2019-04-04,West Penn Community Center,34
2019-04-04,Ammon Community Center,74
2019-04-04,Jefferson Community Center,19
2019-04-04,Brookline Community Center,62
2019-04-04,Ormsby Community Center,26
2019-04-04,Magee Community Center,41
2019-04-04,Phillips Community Center,99
2019-04-03,West Penn Community Center,37
2019-04-03,Warrington Community Center,64
2019-04-03,Ammon Community Center,50
2019-04-03,Brookline Community Center,96
2019-04-03,Jefferson Community Center,27
2019-04-03,Magee Community Center,56
2019-04-03,Ormsby Community Center,17
2019-04-03,Phillips Community Center,116
2019-04-02,Warrington Community Center,55
2019-04-02,West Penn Community Center,31
2019-04-02,Ammon Community Center,96
2019-04-02,Jefferson Community Center,34
2019-04-02,Brookline Community Center,68
2019-04-02,Ormsby Community Center,27
2019-04-02,Magee Community Center,25
2019-04-02,Phillips Community Center,146
2019-04-01,West Penn Community Center,34
2019-04-01,Warrington Community Center,72
2019-04-01,Ammon Community Center,117
2019-04-01,Brookline Community Center,103
2019-04-01,Jefferson Community Center,20
2019-04-01,Magee Community Center,76
2019-04-01,Ormsby Community Center,40
2019-04-01,Phillips Community Center,117
2019-04-01,Paulson Community Center,4
2019-03-31,Ammon Community Center,1
2019-03-30,West Penn Community Center,55
2019-03-30,Brookline Community Center,21
2019-03-30,Magee Community Center,37
2019-03-29,West Penn Community Center,56
2019-03-29,Warrington Community Center,50
2019-03-29,Ammon Community Center,27
2019-03-29,Brookline Community Center,60
2019-03-29,Jefferson Community Center,11
2019-03-29,Magee Community Center,33
2019-03-29,Ormsby Community Center,31
2019-03-29,Paulson Community Center,26
2019-03-29,Phillips Community Center,88
2019-03-28,Warrington Community Center,59
2019-03-28,West Penn Community Center,139
2019-03-28,Ammon Community Center,107
2019-03-28,Jefferson Community Center,24
2019-03-28,Brookline Community Center,83
2019-03-28,Ormsby Community Center,14
2019-03-28,Magee Community Center,45
2019-03-28,Phillips Community Center,131
2019-03-28,Paulson Community Center,26
2019-03-27,West Penn Community Center,73
2019-03-27,Warrington Community Center,66
2019-03-27,Ammon Community Center,110
2019-03-27,Brookline Community Center,83
2019-03-27,Jefferson Community Center,19
2019-03-27,Magee Community Center,50
2019-03-27,Ormsby Community Center,27
2019-03-27,Paulson Community Center,33
2019-03-27,Phillips Community Center,121
2019-03-26,Warrington Community Center,45
2019-03-26,West Penn Community Center,86
2019-03-26,Ammon Community Center,98
2019-03-26,Jefferson Community Center,23
2019-03-26,Brookline Community Center,72
2019-03-26,Ormsby Community Center,26
2019-03-26,Magee Community Center,31
2019-03-26,Phillips Community Center,129
2019-03-26,Paulson Community Center,24
2019-03-25,West Penn Community Center,50
2019-03-25,Warrington Community Center,41
2019-03-25,Ammon Community Center,118
2019-03-25,Arlington Community Center,5
2019-03-25,Brookline Community Center,75
2019-03-25,Jefferson Community Center,22
2019-03-25,Magee Community Center,41
2019-03-25,Ormsby Community Center,27
2019-03-25,Paulson Community Center,21
2019-03-25,Phillips Community Center,91
2019-03-23,West Penn Community Center,57
2019-03-23,Ammon Community Center,1
2019-03-23,Brookline Community Center,43
2019-03-23,Magee Community Center,32
2019-03-23,Phillips Community Center,18
2019-03-22,West Penn Community Center,43
2019-03-22,Warrington Community Center,64
2019-03-22,Ammon Community Center,53
2019-03-22,Brookline Community Center,66
2019-03-22,Jefferson Community Center,13
2019-03-22,Magee Community Center,72
2019-03-22,Ormsby Community Center,18
2019-03-22,Phillips Community Center,70
2019-03-22,Paulson Community Center,33
2019-03-21,Warrington Community Center,56
2019-03-21,West Penn Community Center,54
2019-03-21,Ammon Community Center,101
2019-03-21,Jefferson Community Center,18
2019-03-21,Brookline Community Center,108
2019-03-21,Ormsby Community Center,22
2019-03-21,Magee Community Center,43
2019-03-21,Paulson Community Center,25
2019-03-21,Phillips Community Center,88
2019-03-20,West Penn Community Center,82
2019-03-20,Warrington Community Center,60
2019-03-20,Ammon Community Center,33
2019-03-20,Brookline Community Center,98
2019-03-20,Jefferson Community Center,22
2019-03-20,Magee Community Center,60
2019-03-20,Ormsby Community Center,16
2019-03-20,Phillips Community Center,138
2019-03-20,Paulson Community Center,23
2019-03-19,Warrington Community Center,46
2019-03-19,West Penn Community Center,128
2019-03-19,Ammon Community Center,111
2019-03-19,Arlington Community Center,4
2019-03-19,Jefferson Community Center,18
2019-03-19,Brookline Community Center,119
2019-03-19,Ormsby Community Center,17
2019-03-19,Magee Community Center,76
2019-03-19,Paulson Community Center,18
2019-03-19,Phillips Community Center,121
2019-03-18,West Penn Community Center,47
2019-03-18,Warrington Community Center,47
2019-03-18,Arlington Community Center,9
2019-03-18,Ammon Community Center,116
2019-03-18,Brookline Community Center,73
2019-03-18,Jefferson Community Center,27
2019-03-18,Magee Community Center,52
2019-03-18,Ormsby Community Center,50
2019-03-18,Phillips Community Center,128
2019-03-18,Paulson Community Center,22
2019-03-16,West Penn Community Center,37
2019-03-16,Ammon Community Center,1
2019-03-16,Brookline Community Center,52
2019-03-16,Magee Community Center,38
2019-03-16,Phillips Community Center,19
2019-03-15,West Penn Community Center,43
2019-03-15,Warrington Community Center,54
2019-03-15,Ammon Community Center,96
2019-03-15,Brookline Community Center,71
2019-03-15,Jefferson Community Center,14
2019-03-15,Magee Community Center,47
2019-03-15,Ormsby Community Center,38
2019-03-15,Phillips Community Center,89
2019-03-15,Paulson Community Center,21
2019-03-14,Warrington Community Center,40
2019-03-14,West Penn Community Center,81
2019-03-14,Ammon Community Center,111
2019-03-14,Jefferson Community Center,14
2019-03-14,Brookline Community Center,145
2019-03-14,Ormsby Community Center,57
2019-03-14,Magee Community Center,55
2019-03-14,Paulson Community Center,6
2019-03-14,Phillips Community Center,93
2019-03-13,West Penn Community Center,96
2019-03-13,Warrington Community Center,72
2019-03-13,Ammon Community Center,102
2019-03-13,Arlington Community Center,4
2019-03-13,Brookline Community Center,87
2019-03-13,Jefferson Community Center,18
2019-03-13,Magee Community Center,56
2019-03-13,Ormsby Community Center,14
2019-03-13,Phillips Community Center,136
2019-03-13,Paulson Community Center,31
2019-03-12,Warrington Community Center,45
2019-03-12,West Penn Community Center,91
2019-03-12,Arlington Community Center,10
2019-03-12,Ammon Community Center,112
2019-03-12,Jefferson Community Center,16
2019-03-12,Brookline Community Center,141
2019-03-12,Ormsby Community Center,27
2019-03-12,Magee Community Center,69
2019-03-12,Paulson Community Center,35
2019-03-12,Phillips Community Center,104
2019-03-11,West Penn Community Center,59
2019-03-11,Warrington Community Center,55
2019-03-11,Ammon Community Center,121
2019-03-11,Arlington Community Center,17
2019-03-11,Brookline Community Center,73
2019-03-11,Jefferson Community Center,19
2019-03-11,Magee Community Center,108
2019-03-11,Ormsby Community Center,51
2019-03-11,Phillips Community Center,128
2019-03-11,Paulson Community Center,29
2019-03-09,Brookline Community Center,66
2019-03-09,Magee Community Center,9
2019-03-09,Phillips Community Center,33
2019-03-08,Warrington Community Center,85
2019-03-08,West Penn Community Center,43
2019-03-08,Ammon Community Center,75
2019-03-08,Brookline Community Center,83
2019-03-08,Jefferson Community Center,20
2019-03-08,Magee Community Center,62
2019-03-08,Ormsby Community Center,40
2019-03-08,Phillips Community Center,92
2019-03-08,Paulson Community Center,22
2019-03-07,West Penn Community Center,105
2019-03-07,Warrington Community Center,88
2019-03-07,Ammon Community Center,45
2019-03-07,Brookline Community Center,120
2019-03-07,Ormsby Community Center,49
2019-03-07,Magee Community Center,65
2019-03-07,Paulson Community Center,29
2019-03-07,Phillips Community Center,114
2019-03-06,Warrington Community Center,60
2019-03-06,West Penn Community Center,85
2019-03-06,Ammon Community Center,101
2019-03-06,Arlington Community Center,3
2019-03-06,Brookline Community Center,86
2019-03-06,Jefferson Community Center,17
2019-03-06,Ormsby Community Center,17
2019-03-06,Phillips Community Center,125
2019-03-06,Paulson Community Center,19
2019-03-05,West Penn Community Center,118
2019-03-05,Warrington Community Center,33
2019-03-05,Arlington Community Center,6
2019-03-05,Ammon Community Center,90
2019-03-05,Jefferson Community Center,18
2019-03-05,Brookline Community Center,108
2019-03-05,Ormsby Community Center,46
2019-03-05,Magee Community Center,55
2019-03-05,Paulson Community Center,34
2019-03-05,Phillips Community Center,103
2019-03-04,Warrington Community Center,59
2019-03-04,West Penn Community Center,47
2019-03-04,Ammon Community Center,55
2019-03-04,Arlington Community Center,12
2019-03-04,Brookline Community Center,89
2019-03-04,Jefferson Community Center,14
2019-03-04,Magee Community Center,83
2019-03-04,Ormsby Community Center,21
2019-03-04,Phillips Community Center,109
2019-03-04,Paulson Community Center,8
2019-03-02,West Penn Community Center,33
2019-03-02,Brookline Community Center,79
2019-03-02,Magee Community Center,28
2019-03-01,West Penn Community Center,43
2019-03-01,Warrington Community Center,72
2019-03-01,Brookline Community Center,61
2019-03-01,Jefferson Community Center,11
2019-03-01,Magee Community Center,32
2019-03-01,Ormsby Community Center,25
2019-03-01,Paulson Community Center,29
2019-03-01,Phillips Community Center,58
2019-02-28,Warrington Community Center,64
2019-02-28,West Penn Community Center,133
2019-02-28,Ammon Community Center,84
2019-02-28,Jefferson Community Center,15
2019-02-28,Brookline Community Center,94
2019-02-28,Ormsby Community Center,43
2019-02-28,Magee Community Center,53
2019-02-28,Phillips Community Center,85
2019-02-28,Paulson Community Center,35
2019-02-27,West Penn Community Center,70
2019-02-27,Warrington Community Center,43
2019-02-27,Ammon Community Center,107
2019-02-27,Arlington Community Center,4
2019-02-27,Brookline Community Center,103
2019-02-27,Jefferson Community Center,20
2019-02-27,Magee Community Center,61
2019-02-27,Ormsby Community Center,19
2019-02-27,Paulson Community Center,25
2019-02-27,Phillips Community Center,136
2019-02-26,Warrington Community Center,43
2019-02-26,West Penn Community Center,102
2019-02-26,Arlington Community Center,12
2019-02-26,Ammon Community Center,161
2019-02-26,Jefferson Community Center,16
2019-02-26,Brookline Community Center,92
2019-02-26,Ormsby Community Center,19
2019-02-26,Magee Community Center,48
2019-02-26,Phillips Community Center,109
2019-02-26,Paulson Community Center,23
2019-02-25,West Penn Community Center,47
2019-02-25,Warrington Community Center,50
2019-02-25,Ammon Community Center,107
2019-02-25,Arlington Community Center,14
2019-02-25,Brookline Community Center,70
2019-02-25,Jefferson Community Center,19
2019-02-25,Magee Community Center,78
2019-02-25,Ormsby Community Center,36
2019-02-25,Paulson Community Center,22
2019-02-25,Phillips Community Center,97
2019-02-23,West Penn Community Center,39
2019-02-23,Brookline Community Center,63
2019-02-23,Magee Community Center,18
2019-02-23,Phillips Community Center,63
2019-02-22,West Penn Community Center,47
2019-02-22,Warrington Community Center,78
2019-02-22,Ammon Community Center,80
2019-02-22,Brookline Community Center,84
2019-02-22,Jefferson Community Center,15
2019-02-22,Magee Community Center,79
2019-02-22,Ormsby Community Center,14
2019-02-22,Phillips Community Center,75
2019-02-22,Paulson Community Center,4
2019-02-21,Warrington Community Center,80
2019-02-21,West Penn Community Center,137
2019-02-21,Ammon Community Center,30
2019-02-21,Arlington Community Center,5
2019-02-21,Jefferson Community Center,13
2019-02-21,Brookline Community Center,115
2019-02-21,Ormsby Community Center,37
2019-02-21,Magee Community Center,61
2019-02-21,Paulson Community Center,7
2019-02-21,Phillips Community Center,77
2019-02-20,West Penn Community Center,62
2019-02-20,Warrington Community Center,31
2019-02-20,Arlington Community Center,20
2019-02-20,Ammon Community Center,85
2019-02-20,Brookline Community Center,87
2019-02-20,Magee Community Center,62
2019-02-20,Ormsby Community Center,12
2019-02-20,Phillips Community Center,99
2019-02-20,Paulson Community Center,21
2019-02-19,Warrington Community Center,46
2019-02-19,West Penn Community Center,86
2019-02-19,Ammon Community Center,59
2019-02-19,Arlington Community Center,13
2019-02-19,Brookline Community Center,104
2019-02-19,Jefferson Community Center,20
2019-02-19,Ormsby Community Center,58
2019-02-19,Magee Community Center,50
2019-02-19,Paulson Community Center,27
2019-02-19,Phillips Community Center,95
2019-02-18,West Penn Community Center,31
2019-02-18,Warrington Community Center,45
2019-02-18,Arlington Community Center,26
2019-02-18,Ammon Community Center,97
2019-02-18,Brookline Community Center,91
2019-02-18,Magee Community Center,58
2019-02-18,Ormsby Community Center,18
2019-02-18,Phillips Community Center,70
2019-02-18,Paulson Community Center,26
2019-02-16,West Penn Community Center,27
2019-02-16,Brookline Community Center,68
2019-02-16,Magee Community Center,34
2019-02-16,Phillips Community Center,45
2019-02-15,West Penn Community Center,43
2019-02-15,Warrington Community Center,96
2019-02-15,Ammon Community Center,92
2019-02-15,Brookline Community Center,88
2019-02-15,Jefferson Community Center,4
2019-02-15,Magee Community Center,64
2019-02-15,Ormsby Community Center,72
2019-02-15,Phillips Community Center,106
2019-02-15,Paulson Community Center,34
2019-02-14,Warrington Community Center,57
2019-02-14,West Penn Community Center,134
2019-02-14,Ammon Community Center,95
2019-02-14,Jefferson Community Center,19
2019-02-14,Brookline Community Center,86
2019-02-14,Ormsby Community Center,15
2019-02-14,Magee Community Center,40
2019-02-14,Paulson Community Center,28
2019-02-14,Phillips Community Center,86
2019-02-13,West Penn Community Center,87
2019-02-13,Warrington Community Center,48
2019-02-13,Ammon Community Center,102
2019-02-13,Brookline Community Center,87
2019-02-13,Jefferson Community Center,16
2019-02-13,Magee Community Center,42
2019-02-13,Ormsby Community Center,22
2019-02-13,Phillips Community Center,157
2019-02-13,Paulson Community Center,28
2019-02-12,Warrington Community Center,39
2019-02-12,West Penn Community Center,102
2019-02-12,Ammon Community Center,94
2019-02-12,Arlington Community Center,2
2019-02-12,Jefferson Community Center,13
2019-02-12,Brookline Community Center,86
2019-02-12,Ormsby Community Center,64
2019-02-12,Magee Community Center,37
2019-02-12,Paulson Community Center,22
2019-02-12,Phillips Community Center,98
2019-02-11,West Penn Community Center,41
2019-02-11,Warrington Community Center,37
2019-02-11,Arlington Community Center,8
2019-02-11,Ammon Community Center,34
2019-02-11,Brookline Community Center,86
2019-02-11,Jefferson Community Center,13
2019-02-11,Magee Community Center,36
2019-02-11,Ormsby Community Center,42
2019-02-11,Phillips Community Center,77
2019-02-11,Paulson Community Center,25
2019-02-09,West Penn Community Center,27
2019-02-09,Brookline Community Center,84
2019-02-09,Magee Community Center,9
2019-02-09,Phillips Community Center,46
2019-02-08,West Penn Community Center,37
2019-02-08,Warrington Community Center,51
2019-02-08,Ammon Community Center,19
2019-02-08,Brookline Community Center,67
2019-02-08,Jefferson Community Center,12
2019-02-08,Magee Community Center,50
2019-02-08,Ormsby Community Center,15
2019-02-08,Phillips Community Center,54
2019-02-08,Paulson Community Center,30
2019-02-07,Warrington Community Center,36
2019-02-07,West Penn Community Center,131
2019-02-07,Ammon Community Center,29
2019-02-07,Brookline Community Center,138
2019-02-07,Ormsby Community Center,140
2019-02-07,Magee Community Center,38
2019-02-07,Paulson Community Center,24
2019-02-07,Phillips Community Center,107
2019-02-06,West Penn Community Center,81
2019-02-06,Warrington Community Center,70
2019-02-06,Ammon Community Center,110
2019-02-06,Brookline Community Center,79
2019-02-06,Jefferson Community Center,28
2019-02-06,Magee Community Center,55
2019-02-06,Ormsby Community Center,13
2019-02-06,Phillips Community Center,98
2019-02-06,Paulson Community Center,27
2019-02-05,Warrington Community Center,42
2019-02-05,West Penn Community Center,91
2019-02-05,Ammon Community Center,34
2019-02-05,Arlington Community Center,2
2019-02-05,Jefferson Community Center,12
2019-02-05,Brookline Community Center,109
2019-02-05,Ormsby Community Center,56
2019-02-05,Magee Community Center,36
2019-02-05,Paulson Community Center,20
2019-02-05,Phillips Community Center,96
2019-02-04,West Penn Community Center,51
2019-02-04,Warrington Community Center,50
2019-02-04,Ammon Community Center,113
2019-02-04,Brookline Community Center,53
2019-02-04,Jefferson Community Center,9
2019-02-04,Magee Community Center,78
2019-02-04,Ormsby Community Center,53
2019-02-04,Phillips Community Center,124
2019-02-04,Paulson Community Center,26
2019-02-02,West Penn Community Center,13
2019-02-02,Brookline Community Center,32
2019-02-02,Magee Community Center,34
2019-02-02,Phillips Community Center,52
2019-02-01,West Penn Community Center,24
2019-02-01,Warrington Community Center,29
2019-02-01,Ammon Community Center,12
2019-02-01,Brookline Community Center,85
2019-02-01,Jefferson Community Center,1
2019-02-01,Magee Community Center,40
2019-02-01,Ormsby Community Center,12
2019-02-01,Phillips Community Center,41
2019-02-01,Paulson Community Center,5
2019-01-31,Warrington Community Center,44
2019-01-31,West Penn Community Center,141
2019-01-31,Ammon Community Center,34
2019-01-31,Jefferson Community Center,15
2019-01-31,Brookline Community Center,141
2019-01-31,Ormsby Community Center,16
2019-01-31,Magee Community Center,44
2019-01-31,Paulson Community Center,2
2019-01-31,Phillips Community Center,50
2019-01-30,West Penn Community Center,69
2019-01-30,Warrington Community Center,34
2019-01-30,Ammon Community Center,22
2019-01-30,Brookline Community Center,69
2019-01-30,Jefferson Community Center,15
2019-01-30,Magee Community Center,50
2019-01-30,Ormsby Community Center,16
2019-01-30,Phillips Community Center,38
2019-01-30,Paulson Community Center,4
2019-01-29,Warrington Community Center,34
2019-01-29,West Penn Community Center,94
2019-01-29,Ammon Community Center,79
2019-01-29,Jefferson Community Center,6
2019-01-29,Brookline Community Center,95
2019-01-29,Ormsby Community Center,24
2019-01-29,Magee Community Center,39
2019-01-29,Paulson Community Center,6
2019-01-29,Phillips Community Center,72
2019-01-28,West Penn Community Center,55
2019-01-28,Warrington Community Center,59
2019-01-28,Ammon Community Center,58
2019-01-28,Brookline Community Center,103
2019-01-28,Jefferson Community Center,11
2019-01-28,Magee Community Center,71
2019-01-28,Ormsby Community Center,33
2019-01-28,Phillips Community Center,74
2019-01-28,Paulson Community Center,15
2019-01-26,West Penn Community Center,23
2019-01-26,Brookline Community Center,76
2019-01-26,Magee Community Center,22
2019-01-26,Phillips Community Center,57
2019-01-25,West Penn Community Center,43
2019-01-25,Warrington Community Center,38
2019-01-25,Ammon Community Center,92
2019-01-25,Brookline Community Center,65
2019-01-25,Jefferson Community Center,23
2019-01-25,Magee Community Center,75
2019-01-25,Ormsby Community Center,41
2019-01-25,Phillips Community Center,84
2019-01-25,Paulson Community Center,22
2019-01-24,Warrington Community Center,61
2019-01-24,West Penn Community Center,139
2019-01-24,Ammon Community Center,95
2019-01-24,Jefferson Community Center,19
2019-01-24,Brookline Community Center,102
2019-01-24,Ormsby Community Center,25
2019-01-24,Magee Community Center,51
2019-01-24,Paulson Community Center,27
2019-01-24,Phillips Community Center,90
2019-01-23,West Penn Community Center,56
2019-01-23,Warrington Community Center,61
2019-01-23,Ammon Community Center,110
2019-01-23,Brookline Community Center,124
2019-01-23,Jefferson Community Center,11
2019-01-23,Magee Community Center,45
2019-01-23,Ormsby Community Center,40
2019-01-23,Phillips Community Center,155
2019-01-23,Paulson Community Center,25
2019-01-22,Warrington Community Center,48
2019-01-22,West Penn Community Center,55
2019-01-22,Jefferson Community Center,12
2019-01-22,Brookline Community Center,101
2019-01-22,Ormsby Community Center,52
2019-01-22,Magee Community Center,45
2019-01-22,Paulson Community Center,28
2019-01-22,Phillips Community Center,90
2019-01-19,Magee Community Center,29
2019-01-19,Phillips Community Center,17
2019-01-18,West Penn Community Center,40
2019-01-18,Warrington Community Center,37
2019-01-18,Ammon Community Center,36
2019-01-18,Brookline Community Center,93
2019-01-18,Jefferson Community Center,14
2019-01-18,Magee Community Center,58
2019-01-18,Ormsby Community Center,47
2019-01-18,Phillips Community Center,58
2019-01-18,Paulson Community Center,3
2019-01-17,Warrington Community Center,52
2019-01-17,West Penn Community Center,150
2019-01-17,Ammon Community Center,20
2019-01-17,Jefferson Community Center,22
2019-01-17,Brookline Community Center,91
2019-01-17,Ormsby Community Center,48
2019-01-17,Magee Community Center,45
2019-01-17,Paulson Community Center,27
2019-01-17,Phillips Community Center,65
2019-01-16,West Penn Community Center,77
2019-01-16,Warrington Community Center,69
2019-01-16,Ammon Community Center,18
2019-01-16,Brookline Community Center,96
2019-01-16,Jefferson Community Center,36
2019-01-16,Magee Community Center,48
2019-01-16,Ormsby Community Center,40
2019-01-16,Phillips Community Center,132
2019-01-16,Paulson Community Center,23
2019-01-15,Warrington Community Center,34
2019-01-15,West Penn Community Center,104
2019-01-15,Ammon Community Center,10
2019-01-15,Jefferson Community Center,13
2019-01-15,Brookline Community Center,86
2019-01-15,Ormsby Community Center,53
2019-01-15,Magee Community Center,41
2019-01-15,Paulson Community Center,25
2019-01-15,Phillips Community Center,98
2019-01-14,West Penn Community Center,49
2019-01-14,Warrington Community Center,81
2019-01-14,Ammon Community Center,105
2019-01-14,Brookline Community Center,88
2019-01-14,Jefferson Community Center,28
2019-01-14,Magee Community Center,77
2019-01-14,Ormsby Community Center,51
2019-01-14,Phillips Community Center,81
2019-01-14,Paulson Community Center,21
2019-01-12,West Penn Community Center,30
2019-01-12,Ammon Community Center,60
2019-01-12,Brookline Community Center,39
2019-01-12,Magee Community Center,17
2019-01-12,Phillips Community Center,39
2019-01-11,West Penn Community Center,45
2019-01-11,Warrington Community Center,57
2019-01-11,Ammon Community Center,16
2019-01-11,Brookline Community Center,107
2019-01-11,Jefferson Community Center,16
2019-01-11,Magee Community Center,49
2019-01-11,Ormsby Community Center,33
2019-01-11,Phillips Community Center,82
2019-01-11,Paulson Community Center,5
2019-01-10,Warrington Community Center,62
2019-01-10,West Penn Community Center,158
2019-01-10,Ammon Community Center,80
2019-01-10,Jefferson Community Center,15
2019-01-10,Brookline Community Center,99
2019-01-10,Ormsby Community Center,49
2019-01-10,Magee Community Center,41
2019-01-10,Paulson Community Center,26
2019-01-10,Phillips Community Center,81
2019-01-09,West Penn Community Center,77
2019-01-09,Warrington Community Center,75
2019-01-09,Ammon Community Center,34
2019-01-09,Brookline Community Center,99
2019-01-09,Jefferson Community Center,9
2019-01-09,Magee Community Center,46
2019-01-09,Ormsby Community Center,38
2019-01-09,Phillips Community Center,108
2019-01-09,Paulson Community Center,30
2019-01-08,Warrington Community Center,51
2019-01-08,West Penn Community Center,87
2019-01-08,Ammon Community Center,35
2019-01-08,Jefferson Community Center,23
2019-01-08,Brookline Community Center,78
2019-01-08,Ormsby Community Center,35
2019-01-08,Magee Community Center,32
2019-01-08,Paulson Community Center,7
2019-01-08,Phillips Community Center,115
2019-01-07,West Penn Community Center,68
2019-01-07,Warrington Community Center,83
2019-01-07,Ammon Community Center,105
2019-01-07,Brookline Community Center,82
2019-01-07,Jefferson Community Center,29
2019-01-07,Magee Community Center,41
2019-01-07,Ormsby Community Center,57
2019-01-07,Phillips Community Center,71
2019-01-07,Paulson Community Center,27
2019-01-05,West Penn Community Center,19
2019-01-05,Brookline Community Center,75
2019-01-05,Magee Community Center,42
2019-01-05,Phillips Community Center,22
2019-01-04,West Penn Community Center,50
2019-01-04,Warrington Community Center,36
2019-01-04,Ammon Community Center,68
2019-01-04,Brookline Community Center,79
2019-01-04,Jefferson Community Center,26
2019-01-04,Magee Community Center,29
2019-01-04,Ormsby Community Center,30
2019-01-04,Phillips Community Center,95
2019-01-04,Paulson Community Center,23
2019-01-03,Warrington Community Center,22
2019-01-03,West Penn Community Center,88
2019-01-03,Ammon Community Center,34
2019-01-03,Jefferson Community Center,18
2019-01-03,Brookline Community Center,76
2019-01-03,Ormsby Community Center,24
2019-01-03,Magee Community Center,56
2019-01-03,Paulson Community Center,27
2019-01-03,Phillips Community Center,91
2019-01-02,West Penn Community Center,52
2019-01-02,Warrington Community Center,26
2019-01-02,Ammon Community Center,26
2019-01-02,Brookline Community Center,72
2019-01-02,Jefferson Community Center,23
2019-01-02,Magee Community Center,31
2019-01-02,Ormsby Community Center,13
2019-01-02,Phillips Community Center,118
2019-01-02,Paulson Community Center,21
